Language,LanguageName,Country,Topic,Items
en,English,United States,Content moderation,378
pt,Portuguese,Brazil,Content moderation,182
en,English,United States,Censorship,162
en,English,European Union,Content moderation,150
en,English,China,Censorship,105
en,English,Germany,Content moderation,99
en,English,United Kingdom,Content moderation,88
en,English,(unspecified),Content moderation,74
it,Italian,European Union,Content moderation,64
en,English,United Kingdom,Censorship,63
fr,French,France,Censorship,61
en,English,China,Content moderation,58
pt,Portuguese,United States,Content moderation,58
it,Italian,Italy,Content moderation,55
fr,French,France,Content moderation,54
pt,Portuguese,Brazil,Censorship,53
en,English,India,Content moderation,51
it,Italian,United States,Content moderation,51
en,English,Australia,Content moderation,48
en,English,Germany,Censorship,47
en,English,Russia,Censorship,47
pt,Portuguese,European Union,Content moderation,47
en,English,France,Content moderation,44
en,English,Iran,Censorship,42
en,English,Brazil,Content moderation,39
en,English,Canada,Content moderation,36
en,English,France,Censorship,36
pt,Portuguese,Germany,Content moderation,34
en,English,Russia,Content moderation,32
es,Spanish,Spain,Censorship,32
en,English,Canada,Censorship,30
en,English,Turkey,Censorship,29
en,English,Italy,Censorship,28
en,English,India,Censorship,26
en,English,Egypt,Censorship,25
en,English,Myanmar,Content moderation,25
en,English,Pakistan,Censorship,24
fr,French,United States,Content moderation,24
en,English,Philippines,Content moderation,23
en,English,Saudi Arabia,Censorship,23
es,Spanish,Spain,Content moderation,23
it,Italian,Italy,Censorship,23
en,English,Australia,Censorship,22
en,English,South Africa,Censorship,21
fr,French,European Union,Content moderation,21
en,English,(unspecified),Censorship,20
en,English,Italy,Content moderation,20
en,English,Spain,Censorship,20
en,English,Netherlands,Content moderation,18
en,English,Turkey,Content moderation,18
pt,Portuguese,United Kingdom,Content moderation,18
en,English,South Korea,Censorship,17
en,English,Soviet Union,Censorship,17
en,English,Brazil,Censorship,16
en,English,Ireland,Content moderation,16
fr,French,France,Debate management,16
en,English,European Union,Censorship,15
en,English,Syria,Censorship,15
en,English,United States,Debate management,15
es,Spanish,European Union,Content moderation,15
fr,French,Canada,Censorship,15
fr,French,United States,Censorship,15
it,Italian,Germany,Content moderation,15
pt,Portuguese,Portugal,Censorship,15
en,English,Indonesia,Censorship,14
en,English,United Arab Emirates,Censorship,14
en,English,Thailand,Censorship,13
es,Spanish,United States,Content moderation,13
en,English,Indonesia,Content moderation,12
en,English,Japan,Censorship,12
en,English,Pakistan,Content moderation,12
en,English,Sweden,Content moderation,12
en,English,Vietnam,Censorship,12
es,Spanish,Brazil,Content moderation,12
fr,French,Germany,Content moderation,12
it,Italian,European Union,Censorship,12
pt,Portuguese,Portugal,Content moderation,12
en,English,Malaysia,Censorship,11
en,English,Mexico,Content moderation,11
en,English,New Zealand,Content moderation,11
en,English,Singapore,Censorship,11
en,English,Spain,Content moderation,11
en,English,Tunisia,Censorship,11
es,Spanish,Spain,Debate management,11
es,Spanish,United States,Censorship,11
en,English,Israel,Censorship,10
en,English,Kazakhstan,Censorship,10
en,English,Norway,Content moderation,10
en,English,Poland,Censorship,10
en,English,South Korea,Content moderation,10
fr,French,Canada,Content moderation,10
fr,French,Italy,Censorship,10
pt,Portuguese,Brazil,Debate management,10
en,English,Austria,Content moderation,9
en,English,Bahrain,Censorship,9
en,English,Belarus,Censorship,9
en,English,Cuba,Censorship,9
en,English,Ethiopia,Censorship,9
en,English,Iran,Content moderation,9
en,English,Israel,Content moderation,9
en,English,Libya,Censorship,9
en,English,Mexico,Censorship,9
en,English,Myanmar,Censorship,9
en,English,Nigeria,Content moderation,9
en,English,Ukraine,Censorship,9
en,English,Ukraine,Content moderation,9
en,English,United States,Other,9
es,Spanish,Mexico,Content moderation,9
fr,French,Germany,Censorship,9
it,Italian,France,Censorship,9
it,Italian,United States,Censorship,9
en,English,Nigeria,Censorship,8
en,English,Thailand,Content moderation,8
en,English,Uganda,Censorship,8
en,English,United States,Media moderation,8
en,English,Uzbekistan,Censorship,8
es,Spanish,Argentina,Censorship,8
es,Spanish,Argentina,Content moderation,8
es,Spanish,Colombia,Content moderation,8
es,Spanish,Mexico,Censorship,8
pt,Portuguese,Brazil,Media moderation,8
en,English,Hong Kong,Censorship,7
en,English,Hungary,Censorship,7
en,English,Hungary,Content moderation,7
en,English,Kenya,Content moderation,7
en,English,Portugal,Censorship,7
en,English,Singapore,Content moderation,7
en,English,Sudan,Censorship,7
en,English,Yemen,Censorship,7
en,English,Zimbabwe,Censorship,7
fr,French,China,Censorship,7
fr,French,Russia,Censorship,7
fr,French,Spain,Censorship,7
fr,French,United Kingdom,Censorship,7
it,Italian,France,Content moderation,7
pt,Portuguese,France,Content moderation,7
pt,Portuguese,India,Content moderation,7
pt,Portuguese,United States,Censorship,7
en,English,Azerbaijan,Censorship,6
en,English,Czechoslovakia,Censorship,6
en,English,Egypt,Content moderation,6
en,English,Europe,Content moderation,6
en,English,Kenya,Censorship,6
en,English,Lebanon,Censorship,6
en,English,North Korea,Censorship,6
en,English,Palestine,Content moderation,6
en,English,South Africa,Content moderation,6
en,English,Syria,Content moderation,6
fr,French,United Kingdom,Content moderation,6
pt,Portuguese,Australia,Content moderation,6
pt,Portuguese,China,Content moderation,6
und,undetermined,France,Censorship,6
en,English,Argentina,Censorship,5
en,English,Bangladesh,Censorship,5
en,English,Cambodia,Censorship,5
en,English,Denmark,Censorship,5
en,English,Denmark,Content moderation,5
en,English,Estonia,Censorship,5
en,English,Estonia,Content moderation,5
en,English,Finland,Content moderation,5
en,English,Germany,Media moderation,5
en,English,Jordan,Censorship,5
en,English,Kyrgyzstan,Censorship,5
en,English,Malawi,Censorship,5
en,English,Malaysia,Content moderation,5
en,English,Netherlands,Censorship,5
en,English,Philippines,Censorship,5
en,English,Portugal,Content moderation,5
en,English,Rwanda,Censorship,5
en,English,Switzerland,Content moderation,5
en,English,Taiwan,Censorship,5
en,English,Taiwan,Content moderation,5
en,English,USSR,Censorship,5
en,English,United Kingdom,Debate management,5
es,Spanish,Mexico,Debate management,5
fr,French,Belgium,Content moderation,5
fr,French,Egypt,Censorship,5
fr,French,India,Censorship,5
fr,French,Portugal,Censorship,5
it,Italian,Germany,Censorship,5
it,Italian,Italy,Debate management,5
it,Italian,Russia,Content moderation,5
it,Italian,United Kingdom,Content moderation,5
pt,Portuguese,Portugal,Debate management,5
pt,Portuguese,Spain,Content moderation,5
und,undetermined,United States,Censorship,5
en,English,Africa,Content moderation,4
en,English,Armenia,Censorship,4
en,English,Burma,Censorship,4
en,English,Colombia,Censorship,4
en,English,East Germany,Censorship,4
en,English,England,Censorship,4
en,English,Ethiopia,Content moderation,4
en,English,Germany,Other,4
en,English,Great Britain,Censorship,4
en,English,Ireland,Censorship,4
en,English,Kuwait,Censorship,4
en,English,Lebanon,Content moderation,4
en,English,Libya,Content moderation,4
en,English,Oman,Censorship,4
en,English,Palestine,Censorship,4
en,English,Poland,Content moderation,4
en,English,Saudi Arabia,Content moderation,4
en,English,Sri Lanka,Content moderation,4
en,English,Tunisia,Content moderation,4
en,English,United Kingdom,Media moderation,4
en,English,United States,Media regulation,4
en,English,Uruguay,Censorship,4
en,English,Venezuela,Censorship,4
en,English,Vietnam,Content moderation,4
es,Spanish,Germany,Censorship,4
es,Spanish,India,Content moderation,4
es,Spanish,Peru,Content moderation,4
fr,French,Canada,Debate management,4
fr,French,China,Content moderation,4
fr,French,European Union,Censorship,4
fr,French,France,Media moderation,4
fr,French,France,Other,4
fr,French,USSR,Censorship,4
it,Italian,Brazil,Content moderation,4
it,Italian,China,Content moderation,4
it,Italian,India,Content moderation,4
it,Italian,Italy,(unknown),4
pt,Portuguese,Brazil,Other,4
pt,Portuguese,Canada,Content moderation,4
pt,Portuguese,Spain,Censorship,4
und,undetermined,Spain,Censorship,4
und,undetermined,United States,Content moderation,4
en,English,Afghanistan,Censorship,3
en,English,Algeria,Censorship,3
en,English,Angola,Censorship,3
en,English,Austria,Censorship,3
en,English,Belgium,Censorship,3
en,English,Belgium,Content moderation,3
en,English,Brazil,Debate management,3
en,English,China,Media moderation,3
en,English,China,Other,3
en,English,Colombia,Content moderation,3
en,English,Czech Republic,Censorship,3
en,English,European Union,Media moderation,3
en,English,Finland,Censorship,3
en,English,Georgia,Censorship,3
en,English,Ghana,Censorship,3
en,English,Iraq,Censorship,3
en,English,Japan,Content moderation,3
en,English,Jordan,Content moderation,3
en,English,Morocco,Censorship,3
en,English,Qatar,Censorship,3
en,English,Romania,Censorship,3
en,English,Romania,Content moderation,3
en,English,Slovakia,Content moderation,3
en,English,Sri Lanka,Censorship,3
en,English,Tanzania,Censorship,3
en,English,Turkmenistan,Censorship,3
en,English,UK,Content moderation,3
en,English,Uganda,Content moderation,3
en,English,Venezuela,Content moderation,3
en,English,Zaire,Censorship,3
en,English,Zambia,Censorship,3
es,Spanish,Canada,Censorship,3
es,Spanish,Chile,Content moderation,3
es,Spanish,Colombia,Censorship,3
es,Spanish,France,Censorship,3
es,Spanish,France,Content moderation,3
es,Spanish,Germany,Content moderation,3
es,Spanish,Latin America,Content moderation,3
es,Spanish,Portugal,Censorship,3
es,Spanish,Soviet Union,Censorship,3
es,Spanish,United Kingdom,Censorship,3
es,Spanish,United States,Debate management,3
es,Spanish,Venezuela,Content moderation,3
fr,French,Belgium,Censorship,3
fr,French,Ethiopia,Censorship,3
fr,French,European Union,Debate management,3
fr,French,France,(unknown),3
fr,French,Myanmar,Censorship,3
fr,French,Philippines,Censorship,3
fr,French,Poland,Censorship,3
fr,French,Romania,Censorship,3
fr,French,Switzerland,Content moderation,3
fr,French,Switzerland,Debate management,3
fr,French,Vatican City,Censorship,3
it,Italian,(unspecified),Content moderation,3
it,Italian,Argentina,Censorship,3
it,Italian,Brazil,Censorship,3
it,Italian,Italy,Media moderation,3
it,Italian,Spain,Censorship,3
it,Italian,Spain,Content moderation,3
it,Italian,United Kingdom,Censorship,3
pt,Portuguese,Brazil,Media regulation,3
pt,Portuguese,European Union,Censorship,3
pt,Portuguese,European Union,Media moderation,3
pt,Portuguese,France,Censorship,3
pt,Portuguese,Germany,Censorship,3
pt,Portuguese,Indonesia,Content moderation,3
pt,Portuguese,Italy,Censorship,3
pt,Portuguese,Myanmar,Content moderation,3
pt,Portuguese,Philippines,Content moderation,3
pt,Portuguese,Russia,Content moderation,3
und,undetermined,China,Censorship,3
und,undetermined,European Union,Content moderation,3
und,undetermined,United Kingdom,Censorship,3
en,English,Algeria,Content moderation,2
en,English,Americas,Content moderation,2
en,English,Ancient Rome,Censorship,2
en,English,Argentina,Content moderation,2
en,English,Asia,Content moderation,2
en,English,Bangladesh,Content moderation,2
en,English,Belarus,Content moderation,2
en,English,Bolivia,Content moderation,2
en,English,Bosnia,Content moderation,2
en,English,Canada,Debate management,2
en,English,Chile,Censorship,2
en,English,Chile,Content moderation,2
en,English,Costa Rica,Censorship,2
en,English,Czech Republic,Content moderation,2
en,English,Ecuador,Censorship,2
en,English,Egypt,Other,2
en,English,England,Content moderation,2
en,English,Eritrea,Censorship,2
en,English,European Union,Debate management,2
en,English,Finland,Debate management,2
en,English,France,Media moderation,2
en,English,German Democratic Republic,Censorship,2
en,English,Germany,(unknown),2
en,English,Germany,Debate management,2
en,English,Greece,Censorship,2
en,English,Greece,Content moderation,2
en,English,Honduras,Content moderation,2
en,English,India,Media regulation,2
en,English,Italy,Debate management,2
en,English,Latvia,Censorship,2
en,English,Nepal,Content moderation,2
en,English,New Zealand,Censorship,2
en,English,Ottoman Empire,Censorship,2
en,English,Pakistan,Other,2
en,English,Qatar,Content moderation,2
en,English,Russia,Media moderation,2
en,English,Russia,Other,2
en,English,Saudi Arabia,Other,2
en,English,Slovenia,Content moderation,2
en,English,Soviet Russia,Censorship,2
en,English,Sweden,Censorship,2
en,English,The Gambia,Censorship,2
en,English,USA,Content moderation,2
en,English,Ukraine,Media moderation,2
en,English,United Kingdom,Media regulation,2
en,English,United Kingdom,Other,2
en,English,United States,(unknown),2
en,English,Western Europe,Content moderation,2
es,Spanish,(unspecified),Content moderation,2
es,Spanish,Argentina,Debate management,2
es,Spanish,Brazil,Censorship,2
es,Spanish,Chile,Censorship,2
es,Spanish,China,Censorship,2
es,Spanish,Ecuador,Content moderation,2
es,Spanish,European Union,Censorship,2
es,Spanish,Hungary,Censorship,2
es,Spanish,Peru,Censorship,2
es,Spanish,Philippines,Content moderation,2
es,Spanish,Portugal,Content moderation,2
es,Spanish,Russia,Content moderation,2
es,Spanish,Spain,Media moderation,2
es,Spanish,Spain,Other,2
es,Spanish,United Kingdom,Content moderation,2
es,Spanish,United States,Media moderation,2
es,Spanish,Uruguay,Censorship,2
es,Spanish,Uruguay,Content moderation,2
es,Spanish,Venezuela,Debate management,2
fr,French,(unspecified),Content moderation,2
fr,French,Bangladesh,Censorship,2
fr,French,Belarus,Censorship,2
fr,French,Cameroon,Censorship,2
fr,French,Chad,Censorship,2
fr,French,Cuba,Censorship,2
fr,French,France,Media regulation,2
fr,French,Gambia,Censorship,2
fr,French,Hong Kong,Censorship,2
fr,French,Hungary,Censorship,2
fr,French,India,Content moderation,2
fr,French,Iran,Censorship,2
fr,French,Iraq,Censorship,2
fr,French,Pakistan,Censorship,2
fr,French,Palestine,Content moderation,2
fr,French,Philippines,Content moderation,2
fr,French,Soviet Union,Censorship,2
fr,French,Thailand,Censorship,2
fr,French,Togo,Censorship,2
fr,French,Turkey,Censorship,2
fr,French,Ukraine,Censorship,2
fr,French,United Kingdom,Debate management,2
fr,French,United States,Media moderation,2
it,Italian,Australia,Content moderation,2
it,Italian,China,Censorship,2
it,Italian,European Union,(unknown),2
it,Italian,Italy,Other,2
it,Italian,Japan,Other,2
it,Italian,Myanmar,Content moderation,2
it,Italian,New Zealand,Content moderation,2
it,Italian,Philippines,Content moderation,2
it,Italian,Ukraine,Content moderation,2
pt,Portuguese,(unspecified),Censorship,2
pt,Portuguese,(unspecified),Content moderation,2
pt,Portuguese,Argentina,Censorship,2
pt,Portuguese,Australia,Censorship,2
pt,Portuguese,Belgium,Content moderation,2
pt,Portuguese,Brazil,(unknown),2
pt,Portuguese,Chile,Content moderation,2
pt,Portuguese,China,Censorship,2
pt,Portuguese,Colombia,Content moderation,2
pt,Portuguese,European Union,Other,2
pt,Portuguese,Italy,Content moderation,2
pt,Portuguese,Portugal,Media moderation,2
pt,Portuguese,Russia,Censorship,2
pt,Portuguese,Turkey,Content moderation,2
pt,Portuguese,United Kingdom,Censorship,2
pt,Portuguese,United Kingdom,Media moderation,2
pt,Portuguese,United States,Media moderation,2
und,undetermined,Brazil,Content moderation,2
und,undetermined,China,Content moderation,2
und,undetermined,France,(unknown),2
und,undetermined,France,Content moderation,2
und,undetermined,Germany,Censorship,2
und,undetermined,Germany,Content moderation,2
ca,Catalan,Poland,Censorship,1
ca,Catalan,Soviet Union,Censorship,1
ca,Catalan,Spain,Censorship,1
cy,Welsh,Spain,Censorship,1
de,German,(unspecified),Debate management,1
de,German,France,Censorship,1
de,German,Germany,Censorship,1
de,German,Russia,Censorship,1
de,German,Sweden,Censorship,1
de,German,Switzerland,Censorship,1
de,German,USSR,Censorship,1
de,German,Yemen,Censorship,1
en,English,(unspecified),Debate management,1
en,English,(unspecified),Media moderation,1
en,English,(unspecified),Media regulation,1
en,English,Africa,Censorship,1
en,English,Algeria,Other,1
en,English,Ancient Greece,Censorship,1
en,English,Antigua and Barbuda,Censorship,1
en,English,Australia,Debate management,1
en,English,Australia,Media moderation,1
en,English,Austria,Media moderation,1
en,English,Austrian Empire,Censorship,1
en,English,Azerbaijan,Other,1
en,English,Bahrain,Content moderation,1
en,English,Bangladesh,Other,1
en,English,Brazil,Media moderation,1
en,English,Britain,Censorship,1
en,English,Bulgaria,Content moderation,1
en,English,Cameroon,Censorship,1
en,English,Cameroon,Content moderation,1
en,English,Cameroon,Media moderation,1
en,English,Canada,Other,1
en,English,Central African Republic,Content moderation,1
en,English,Chad,Censorship,1
en,English,China,(unknown),1
en,English,China,Media regulation,1
en,English,Croatia,Censorship,1
en,English,Croatia,Content moderation,1
en,English,Cuba,Content moderation,1
en,English,Czechoslovakia,Media regulation,1
en,English,Denmark,Other,1
en,English,Eastern Europe,Content moderation,1
en,English,Ecuador,Content moderation,1
en,English,Egypt,Debate management,1
en,English,Egypt,Media moderation,1
en,English,El Salvador,Censorship,1
en,English,England,(unknown),1
en,English,England,Media moderation,1
en,English,Europe,Censorship,1
en,English,European Union,Media regulation,1
en,English,European Union,Other,1
en,English,Fiji,Content moderation,1
en,English,France,(unknown),1
en,English,France,Debate management,1
en,English,France,Other,1
en,English,Gambia,Censorship,1
en,English,Georgia,Media moderation,1
en,English,Global South,Content moderation,1
en,English,Guatemala,Censorship,1
en,English,Guatemala,Content moderation,1
en,English,Honduras,Censorship,1
en,English,Hong Kong,Media moderation,1
en,English,Iceland,Censorship,1
en,English,Iceland,Content moderation,1
en,English,India,(unknown),1
en,English,India,Other,1
en,English,Indonesia,Media moderation,1
en,English,Iran,Media moderation,1
en,English,Iraq,Media regulation,1
en,English,Israel,Debate management,1
en,English,Israel,Media regulation,1
en,English,Italy,(unknown),1
en,English,Japan,(unknown),1
en,English,Jordan,Other,1
en,English,Latin America,Content moderation,1
en,English,Lebanon,Debate management,1
en,English,Lithuania,Censorship,1
en,English,Macedonia,Debate management,1
en,English,Mexico,Media moderation,1
en,English,Mexico,Other,1
en,English,Middle East,Censorship,1
en,English,Middle East,Content moderation,1
en,English,Moldova,Censorship,1
en,English,Moldova,Media moderation,1
en,English,Morocco,Content moderation,1
en,English,Morocco,Other,1
en,English,Mozambique,Censorship,1
en,English,Namibia,Content moderation,1
en,English,Nepal,Other,1
en,English,Netherlands,Other,1
en,English,New Zealand,Debate management,1
en,English,Nicaragua,Censorship,1
en,English,Nigeria,Media moderation,1
en,English,Nigeria,Other,1
en,English,North America,Content moderation,1
en,English,Northern Ireland,Content moderation,1
en,English,Norway,Censorship,1
en,English,Palestinian Territory,Censorship,1
en,English,Papua New Guinea,Content moderation,1
en,English,Philippines,Media regulation,1
en,English,Poland,(unknown),1
en,English,Poland,Debate management,1
en,English,Portugal,Debate management,1
en,English,Republic of Korea,Content moderation,1
en,English,Republic of the Congo,Censorship,1
en,English,Romania,Debate management,1
en,English,Romania,Media regulation,1
en,English,Russia,(unknown),1
en,English,Russian Federation,Content moderation,1
en,English,Serbia,Censorship,1
en,English,Slovakia,Censorship,1
en,English,Somalia,Censorship,1
en,English,South Africa,Debate management,1
en,English,South Africa,Media regulation,1
en,English,South Asia,Content moderation,1
en,English,South Sudan,Content moderation,1
en,English,Soviet Union,Debate management,1
en,English,Spain,(unknown),1
en,English,Spain,Debate management,1
en,English,Spain,Other,1
en,English,Sri Lanka,Other,1
en,English,Sudan,Content moderation,1
en,English,Sudan,Other,1
en,English,Sudan (North),Censorship,1
en,English,Sweden,Other,1
en,English,Switzerland,(unknown),1
en,English,Switzerland,Censorship,1
en,English,Tajikistan,Censorship,1
en,English,Thailand,Media moderation,1
en,English,Togo,Content moderation,1
en,English,Turkey,Media moderation,1
en,English,Türkiye,Content moderation,1
en,English,Türkiye,Other,1
en,English,UAE,Other,1
en,English,US,Content moderation,1
en,English,USSR,Media moderation,1
en,English,United American Emirates,Censorship,1
en,English,United Arab Emirates,Content moderation,1
en,English,Uruguay,Content moderation,1
en,English,Uzbekistan,Content moderation,1
en,English,West Germany,Media moderation,1
en,English,Yemen,Content moderation,1
en,English,Yugoslavia,Censorship,1
en,English,Yugoslavia,Content moderation,1
en,English,Yugoslavia,Debate management,1
en,English,Zimbabwe,Content moderation,1
en,English,Zimbabwe,Media moderation,1
en,English,Zimbabwe,Other,1
es,Spanish,(unspecified),Debate management,1
es,Spanish,Argentina,Media moderation,1
es,Spanish,Austria,Content moderation,1
es,Spanish,Bolivia,Content moderation,1
es,Spanish,Bosnia and Herzegovina,Content moderation,1
es,Spanish,Chile,Debate management,1
es,Spanish,China,Content moderation,1
es,Spanish,Colombia,Debate management,1
es,Spanish,Cuba,Content moderation,1
es,Spanish,Cuba,Debate management,1
es,Spanish,Dominican Republic,Content moderation,1
es,Spanish,Ecuador,Censorship,1
es,Spanish,Egypt,Content moderation,1
es,Spanish,England,Censorship,1
es,Spanish,España,Debate management,1
es,Spanish,European Union,Media moderation,1
es,Spanish,Finland,Content moderation,1
es,Spanish,France,Media moderation,1
es,Spanish,Honduras,Content moderation,1
es,Spanish,Hungary,Content moderation,1
es,Spanish,India,Censorship,1
es,Spanish,Indonesia,Content moderation,1
es,Spanish,Iran,Content moderation,1
es,Spanish,Ireland,Content moderation,1
es,Spanish,Italy,Censorship,1
es,Spanish,Italy,Content moderation,1
es,Spanish,Italy,Debate management,1
es,Spanish,Italy,Media moderation,1
es,Spanish,Kenya,Content moderation,1
es,Spanish,Malaysia,Content moderation,1
es,Spanish,Mexico,Media moderation,1
es,Spanish,New Zealand,Content moderation,1
es,Spanish,Nicaragua,Content moderation,1
es,Spanish,Panama,Content moderation,1
es,Spanish,Peru,Media moderation,1
es,Spanish,Poland,Content moderation,1
es,Spanish,Romania,Censorship,1
es,Spanish,Senegal,Content moderation,1
es,Spanish,South Africa,Censorship,1
es,Spanish,Thailand,Content moderation,1
es,Spanish,USSR,Censorship,1
es,Spanish,Venezuela,Censorship,1
fr,French,(unspecified),(unknown),1
fr,French,(unspecified),Censorship,1
fr,French,Africa,Censorship,1
fr,French,Algeria,Censorship,1
fr,French,Allemagne,Debate management,1
fr,French,Ancient Rome,Censorship,1
fr,French,Argentina,Censorship,1
fr,French,Armenia,Censorship,1
fr,French,Australia,Content moderation,1
fr,French,Austria,Censorship,1
fr,French,Austria-Hungary,Censorship,1
fr,French,Baltic States,Censorship,1
fr,French,Bosnia and Herzegovina,(unknown),1
fr,French,Brazil,Censorship,1
fr,French,Brazil,Content moderation,1
fr,French,Burkina Faso,Media moderation,1
fr,French,Cambodia,Censorship,1
fr,French,Canada,Media moderation,1
fr,French,Canada,Other,1
fr,French,Caucasus,Censorship,1
fr,French,Denmark,Censorship,1
fr,French,Denmark,Content moderation,1
fr,French,East Germany,Censorship,1
fr,French,Ecuador,Other,1
fr,French,Espagne,Debate management,1
fr,French,Europe,Censorship,1
fr,French,European Union,(unknown),1
fr,French,Finland,Censorship,1
fr,French,Finland,Content moderation,1
fr,French,Fédération de Russie,Debate management,1
fr,French,Greece,Censorship,1
fr,French,Greece,Content moderation,1
fr,French,Holy See,Censorship,1
fr,French,Ireland,Censorship,1
fr,French,Ireland,Content moderation,1
fr,French,Israel,Censorship,1
fr,French,Israel,Content moderation,1
fr,French,Italie,Debate management,1
fr,French,Italy,Content moderation,1
fr,French,Japan,Censorship,1
fr,French,Kazakhstan,Censorship,1
fr,French,Kenya,Content moderation,1
fr,French,Lebanon,Censorship,1
fr,French,Libya,Censorship,1
fr,French,Lithuania,Censorship,1
fr,French,Mali,Censorship,1
fr,French,Malta,(unknown),1
fr,French,Morocco,Content moderation,1
fr,French,Netherlands,Content moderation,1
fr,French,New Zealand,Content moderation,1
fr,French,Niger,Censorship,1
fr,French,Republic of Korea,Censorship,1
fr,French,Royaume-Uni,Debate management,1
fr,French,Russia,Content moderation,1
fr,French,Saudi Arabia,Content moderation,1
fr,French,Senegal,Content moderation,1
fr,French,Singapore,Other,1
fr,French,South Africa,Censorship,1
fr,French,South Africa,Other,1
fr,French,South Korea,Censorship,1
fr,French,Spain,Content moderation,1
fr,French,Spain,Debate management,1
fr,French,United Kingdom,Media moderation,1
fr,French,Uzbekistan,(unknown),1
fr,French,Zimbabwe,Censorship,1
fr,French,États-Unis d’Amérique,Debate management,1
hu,Hungarian,Spain,Censorship,1
it,Italian,(unspecified),Algorithmic sorting,1
it,Italian,(unspecified),Debate management,1
it,Italian,(unspecified),Media moderation,1
it,Italian,(unspecified),Other,1
it,Italian,Australia,Censorship,1
it,Italian,Austria,Censorship,1
it,Italian,Austria,Content moderation,1
it,Italian,Canada,Content moderation,1
it,Italian,China,Media regulation,1
it,Italian,China,Other,1
it,Italian,Cuba,Censorship,1
it,Italian,Egypt,Censorship,1
it,Italian,Europe,Content moderation,1
it,Italian,European Union,Debate management,1
it,Italian,European Union,Media moderation,1
it,Italian,European Union,Media regulation,1
it,Italian,European Union,Other,1
it,Italian,France,Debate management,1
it,Italian,Honduras,Content moderation,1
it,Italian,Iran,Censorship,1
it,Italian,Israel,Content moderation,1
it,Italian,Italy,Media regulation,1
it,Italian,Japan,Censorship,1
it,Italian,Japan,Content moderation,1
it,Italian,Kenya,Content moderation,1
it,Italian,Morocco,Censorship,1
it,Italian,North Korea,Censorship,1
it,Italian,Norway,Censorship,1
it,Italian,Palestine,Content moderation,1
it,Italian,Portugal,Censorship,1
it,Italian,Romania,Content moderation,1
it,Italian,Romania,Media regulation,1
it,Italian,Russia,Censorship,1
it,Italian,Soviet Union,Censorship,1
it,Italian,Syria,Content moderation,1
it,Italian,Trinidad,Content moderation,1
it,Italian,Tunisia,Censorship,1
it,Italian,Turkey,Debate management,1
it,Italian,Uganda,Content moderation,1
it,Italian,United Kingdom,Debate management,1
it,Italian,United States,Debate management,1
it,Italian,United States,Media regulation,1
it,Italian,United States,Other,1
it,Italian,Vatican,Censorship,1
pt,Portuguese,(unspecified),Media moderation,1
pt,Portuguese,Alemanha,Content moderation,1
pt,Portuguese,Ancient Rome,Censorship,1
pt,Portuguese,Austria,Censorship,1
pt,Portuguese,Brasil,Censorship,1
pt,Portuguese,Brasil,Content moderation,1
pt,Portuguese,Cambodia,Content moderation,1
pt,Portuguese,Cuba,Content moderation,1
pt,Portuguese,Czech Republic,Content moderation,1
pt,Portuguese,Denmark,Content moderation,1
pt,Portuguese,Espanha,Content moderation,1
pt,Portuguese,Estados Unidos,Censorship,1
pt,Portuguese,Estados Unidos,Content moderation,1
pt,Portuguese,Estonia,Content moderation,1
pt,Portuguese,Europa,Censorship,1
pt,Portuguese,Filipinas,Content moderation,1
pt,Portuguese,Finland,Media regulation,1
pt,Portuguese,France,Other,1
pt,Portuguese,Germany,Media regulation,1
pt,Portuguese,Germany,Other,1
pt,Portuguese,Greece,Content moderation,1
pt,Portuguese,Iran,Censorship,1
pt,Portuguese,Iran,Content moderation,1
pt,Portuguese,Iraq,Content moderation,1
pt,Portuguese,Irlanda,Content moderation,1
pt,Portuguese,Japan,Content moderation,1
pt,Portuguese,Letônia,Content moderation,1
pt,Portuguese,Malásia,Content moderation,1
pt,Portuguese,New Zealand,Content moderation,1
pt,Portuguese,North Korea,Censorship,1
pt,Portuguese,Norway,Content moderation,1
pt,Portuguese,Pakistan,Content moderation,1
pt,Portuguese,Poland,(unknown),1
pt,Portuguese,Poland,Content moderation,1
pt,Portuguese,Quênia,Content moderation,1
pt,Portuguese,Serbia,Censorship,1
pt,Portuguese,Singapore,Censorship,1
pt,Portuguese,Singapore,Content moderation,1
pt,Portuguese,South Africa,Censorship,1
pt,Portuguese,Sweden,Content moderation,1
pt,Portuguese,Switzerland,Content moderation,1
pt,Portuguese,United States,(unknown),1
pt,Portuguese,United States,Debate management,1
pt,Portuguese,United States,Media regulation,1
pt,Portuguese,United States,Other,1
pt,Portuguese,Venezuela,Censorship,1
pt,Portuguese,Índia,Content moderation,1
so,Somali,Brazil,Content moderation,1
so,Somali,Canada,Content moderation,1
so,Somali,United Kingdom,Content moderation,1
so,Somali,United States,Content moderation,1
und,undetermined,(unspecified),Debate management,1
und,undetermined,Algeria,Censorship,1
und,undetermined,Argentina,Censorship,1
und,undetermined,Australia,Content moderation,1
und,undetermined,Belarus,Censorship,1
und,undetermined,Britain,Debate management,1
und,undetermined,Canada,Censorship,1
und,undetermined,Canada,Content moderation,1
und,undetermined,Egypt,Censorship,1
und,undetermined,India,Content moderation,1
und,undetermined,India,Other,1
und,undetermined,Iran,Content moderation,1
und,undetermined,Italy,Censorship,1
und,undetermined,Malawi,Censorship,1
und,undetermined,Myanmar,Content moderation,1
und,undetermined,New Zealand,Content moderation,1
und,undetermined,Philippines,Other,1
und,undetermined,Portugal,Censorship,1
und,undetermined,Russia,Censorship,1
und,undetermined,Russia,Content moderation,1
und,undetermined,Saudi Arabia,Content moderation,1
und,undetermined,South Africa,Censorship,1
und,undetermined,South Africa,Content moderation,1
und,undetermined,South Korea,Censorship,1
und,undetermined,Soviet Union,Debate management,1
und,undetermined,Syria,Censorship,1
und,undetermined,Syria,Content moderation,1
und,undetermined,United States,Debate management,1
und,undetermined,United States,Other,1
und,undetermined,Vietnam,Censorship,1
und,undetermined,Zimbabwe,Censorship,1
vi,Vietnamese,China,Censorship,1
