Source Type,Source Category,Target Type,Target Category,Weight
WHO,Platforms,WHAT,Platform governance,759
WHO,Platforms,WHAT,Regulative,404
WHAT,Platform governance,WHY,Harm principles and hate speech regulation,368
GROUP,Platform regulation,WHAT,Platform governance,355
GROUP,Platform regulation,WHO,Platforms,347
GROUP,Platform governance,WHAT,Platform governance,344
WHO,Platforms,WHY,Harm principles and hate speech regulation,325
HOW,Filtering,WHAT,Platform governance,296
GROUP,Platform governance,WHO,Platforms,282
WHO,Platforms,WHY,Democratic enhancement,265
HOW,Removal,WHAT,Platform governance,265
WHAT,Platform governance,WHY,Democratic enhancement,265
WHO,Algorithmic systems,WHAT,Platform governance,265
WHO,Platforms,HOW,Filtering,262
WHO,Platforms,HOW,Removal,261
HOW,Review,WHAT,Platform governance,259
GROUP,Platform regulation,WHAT,Regulative,258
WHO,Content moderators / BPO workforces,WHAT,Platform governance,211
WHAT,Regulative,WHY,Harm principles and hate speech regulation,203
HOW,Marginalisation,WHAT,Platform governance,203
GROUP,Moderation as the cultivation of a democratic public sphere,WHAT,Communicative / discourse-ethics / debate management,201
WHAT,Platform governance,WHY,Compliance,193
HOW,Removal,WHAT,Regulative,190
WHO,Platforms,HOW,Marginalisation,189
WHO,Platforms,WHY,Misinformation or disinformation as harm,187
WHAT,Platform governance,WHY,Social cohesion,185
WHAT,Platform governance,WHY,Misinformation or disinformation as harm,183
WHO,Platforms,HOW,Review,180
HOW,Filtering,WHAT,Regulative,179
WHO,Platforms,WHY,Compliance,178
WHAT,Platform governance,WHY,Brand safety,177
WHAT,Communicative / discourse-ethics / debate management,WHY,Democratic enhancement,167
WHAT,Communicative / discourse-ethics / debate management,WHY,Social cohesion,166
GROUP,Platform regulation,WHY,Harm principles and hate speech regulation,165
GROUP,Platform regulation,WHY,Democratic enhancement,160
HOW,Filtering,WHY,Harm principles and hate speech regulation,160
WHO,Platforms,WHY,Brand safety,158
GROUP,Platform regulation,HOW,Removal,153
WHAT,Regulative,WHY,Democratic enhancement,149
HOW,Removal,WHY,Harm principles and hate speech regulation,141
WHO,Algorithmic systems,HOW,Filtering,140
WHO,Content moderators / BPO workforces,WHAT,Communicative / discourse-ethics / debate management,139
HOW,Review,WHY,Harm principles and hate speech regulation,137
GROUP,Platform governance,WHY,Harm principles and hate speech regulation,136
WHO,Content moderators / BPO workforces,HOW,Filtering,135
HOW,Enframing,WHAT,Communicative / discourse-ethics / debate management,134
GROUP,Platform regulation,HOW,Filtering,134
WHO,Content moderators / BPO workforces,HOW,Review,130
HOW,Filtering,WHY,Democratic enhancement,126
HOW,Enframing,WHAT,Platform governance,126
WHO,Platforms,WHY,Social cohesion,124
WHO,Algorithmic systems,WHY,Harm principles and hate speech regulation,123
GROUP,Censorship,WHAT,Regulative,121
GROUP,Moderation as the cultivation of a democratic public sphere,WHY,Democratic enhancement,120
WHO,Regulators,WHAT,Platform governance,119
WHO,Content moderators / BPO workforces,WHY,Social cohesion,119
WHO,Platforms,HOW,Enframing,119
GROUP,Censorship,WHO,Platforms,119
HOW,Deplatforming,WHAT,Platform governance,114
WHAT,Regulative,WHY,Compliance,111
HOW,Filtering,WHAT,Communicative / discourse-ethics / debate management,110
WHO,Platforms,WHAT,Communicative / discourse-ethics / debate management,110
WHO,Platforms,HOW,Deplatforming,109
WHAT,Communicative / discourse-ethics / debate management,WHY,Coherence,109
GROUP,Platform regulation,WHY,Compliance,109
GROUP,Platform regulation,WHO,Regulators,105
WHO,Algorithmic systems,HOW,Review,105
WHO,Content moderators / BPO workforces,WHY,Harm principles and hate speech regulation,104
WHAT,Regulative,WHY,Misinformation or disinformation as harm,102
GROUP,Platform governance,WHO,Algorithmic systems,100
WHO,Users,WHAT,Platform governance,99
GROUP,Platform regulation,WHY,Misinformation or disinformation as harm,98
HOW,Enframing,WHY,Democratic enhancement,98
GROUP,Censorship,WHAT,Platform governance,97
GROUP,Moderation as the cultivation of a democratic public sphere,WHY,Social cohesion,96
HOW,Enframing,WHY,Social cohesion,94
HOW,Review,WHAT,Regulative,93
HOW,Removal,WHY,Democratic enhancement,93
HOW,Metamoderation,WHAT,Platform governance,92
WHO,Algorithmic systems,WHAT,Regulative,92
HOW,Filtering,WHY,Social cohesion,92
GROUP,Platform regulation,WHO,Courts and prosecutors,90
GROUP,Platform governance,HOW,Filtering,90
GROUP,Platform governance,HOW,Review,90
HOW,Filtering,WHY,Brand safety,90
GROUP,Platform regulation,HOW,Review,89
HOW,Review,WHY,Democratic enhancement,89
GROUP,Platform governance,WHO,Content moderators / BPO workforces,89
WHO,Content moderators / BPO workforces,WHY,Brand safety,89
HOW,Filtering,WHY,Compliance,89
GROUP,Platform governance,WHAT,Regulative,89
HOW,Marginalisation,WHAT,Regulative,88
WHO,Algorithmic systems,WHY,Social cohesion,88
WHO,Courts and prosecutors,WHAT,Regulative,86
WHO,Users,WHY,Social cohesion,85
GROUP,Moderation as the cultivation of a democratic public sphere,HOW,Enframing,85
GROUP,Platform governance,HOW,Marginalisation,84
HOW,Review,WHY,Social cohesion,82
WHO,Regulators,WHAT,Regulative,81
GROUP,Platform governance,WHY,Brand safety,81
WHO,Government agencies,WHAT,Regulative,81
WHO,Content moderators / BPO workforces,WHAT,Regulative,80
GROUP,Platform governance,WHY,Social cohesion,79
WHAT,Regulative,WHY,Brand safety,79
WHO,Courts and prosecutors,WHAT,Platform governance,79
GROUP,Moderation as the cultivation of a democratic public sphere,WHO,Content moderators / BPO workforces,78
WHO,Users,WHAT,Communicative / discourse-ethics / debate management,77
WHO,Algorithmic systems,HOW,Removal,76
WHAT,Communicative / discourse-ethics / debate management,WHY,Harm principles and hate speech regulation,76
WHO,Content moderators / BPO workforces,HOW,Enframing,76
WHO,Content moderators / BPO workforces,HOW,Removal,75
GROUP,Moderation as the enforcement of community norms and identity,WHY,Social cohesion,74
HOW,Review,WHAT,Communicative / discourse-ethics / debate management,74
WHO,Algorithmic systems,HOW,Marginalisation,73
HOW,Marginalisation,WHY,Harm principles and hate speech regulation,73
GROUP,Platform governance,WHY,Democratic enhancement,73
WHO,Content moderators / BPO workforces,WHY,Coherence,72
HOW,Removal,WHY,Misinformation or disinformation as harm,71
WHO,Content moderators / BPO workforces,WHY,Democratic enhancement,71
WHO,Government agencies,WHAT,Platform governance,71
GROUP,Platform governance,WHY,Misinformation or disinformation as harm,71
HOW,Removal,WHY,Compliance,71
WHO,Algorithmic systems,WHAT,Communicative / discourse-ethics / debate management,71
GROUP,Moderation as the cultivation of a democratic public sphere,HOW,Filtering,70
GROUP,Platform governance,HOW,Removal,70
WHAT,Regulative,WHY,Social cohesion,69
HOW,Deplatforming,WHY,Harm principles and hate speech regulation,68
HOW,Review,WHY,Brand safety,68
WHAT,Platform governance,WHY,Protection of children,67
HOW,Enframing,WHAT,Regulative,67
WHO,Courts and prosecutors,WHY,Harm principles and hate speech regulation,65
HOW,Deplatforming,WHAT,Regulative,65
WHO,Platforms,HOW,Metamoderation,65
HOW,Review,WHY,Compliance,64
GROUP,Moderation as the cultivation of a democratic public sphere,WHY,Coherence,63
GROUP,Moderation as the enforcement of community norms and identity,WHO,Content moderators / BPO workforces,62
HOW,Marginalisation,WHY,Brand safety,62
GROUP,Moderation as the enforcement of community norms and identity,WHAT,Platform governance,59
GROUP,Platform governance,HOW,Enframing,59
HOW,Enframing,WHY,Harm principles and hate speech regulation,58
WHO,Platforms,HOW,Correcting,58
GROUP,Censorship,HOW,Filtering,58
HOW,Correcting,WHY,Misinformation or disinformation as harm,58
WHO,Platforms,WHY,Protection of children,57
HOW,Enframing,WHY,Coherence,57
GROUP,Platform regulation,HOW,Marginalisation,57
WHO,Platform oversight bodies,WHAT,Platform governance,57
WHO,Regulators,WHY,Democratic enhancement,56
WHO,Courts and prosecutors,HOW,Removal,56
WHO,Algorithmic systems,WHY,Compliance,56
GROUP,Moderation as the cultivation of a democratic public sphere,WHO,Platforms,56
GROUP,Platform governance,HOW,Deplatforming,55
GROUP,Platform regulation,WHY,Brand safety,55
GROUP,Platform governance,WHY,Compliance,55
HOW,Correcting,WHAT,Platform governance,55
WHO,Platforms,WHY,Political control,55
WHAT,Regulative,WHY,Political control,55
GROUP,Platform governance,WHO,Users,54
WHO,Algorithmic systems,WHY,Democratic enhancement,54
HOW,Removal,WHY,Social cohesion,54
GROUP,Moderation as the enforcement of community norms and identity,WHAT,Communicative / discourse-ethics / debate management,54
WHO,Algorithmic systems,WHY,Brand safety,54
WHO,Courts and prosecutors,WHY,Democratic enhancement,54
GROUP,Moderation as the enforcement of community norms and identity,WHY,Coherence,54
HOW,Removal,WHAT,Communicative / discourse-ethics / debate management,53
GROUP,Moderation as the enforcement of community norms and identity,WHO,Users,53
WHAT,Platform governance,WHY,Economic pressure,53
HOW,Removal,WHY,Brand safety,53
HOW,Metamoderation,WHY,Democratic enhancement,52
GROUP,Platform governance,WHAT,Communicative / discourse-ethics / debate management,52
HOW,Marginalisation,WHY,Democratic enhancement,52
HOW,Labeling,WHAT,Platform governance,50
GROUP,Platform regulation,WHO,Algorithmic systems,49
WHO,Platforms,WHY,Economic pressure,49
WHO,Regulators,WHY,Compliance,49
GROUP,Censorship,WHO,Algorithmic systems,49
GROUP,Censorship,WHY,Harm principles and hate speech regulation,49
HOW,Marginalisation,WHY,Compliance,48
WHO,Users,WHY,Harm principles and hate speech regulation,48
WHO,Platforms,HOW,Monitoring,48
GROUP,Moderation as the cultivation of a democratic public sphere,WHAT,Platform governance,47
WHO,Platforms,WHAT,Infrastructural,46
GROUP,Platform regulation,HOW,Enframing,46
WHO,Regulators,HOW,Filtering,46
GROUP,Moderation as industrial labour,WHO,Content moderators / BPO workforces,46
WHO,Regulators,HOW,Removal,45
WHO,Algorithmic systems,WHY,Misinformation or disinformation as harm,45
WHAT,Platform governance,WHY,Coherence,45
WHO,Platforms,HOW,Labeling,45
WHO,Users,WHY,Democratic enhancement,44
HOW,Marginalisation,WHY,Misinformation or disinformation as harm,44
HOW,Filtering,WHY,Misinformation or disinformation as harm,44
WHAT,Communicative / discourse-ethics / debate management,WHY,Misinformation or disinformation as harm,44
HOW,Filtering,WHY,Coherence,43
GROUP,Censorship,HOW,Marginalisation,43
WHO,Users,WHY,Coherence,43
HOW,Monitoring,WHAT,Platform governance,43
WHO,Regulators,WHY,Harm principles and hate speech regulation,42
WHO,Users,HOW,Enframing,42
WHO,Content moderators / BPO workforces,HOW,Marginalisation,42
GROUP,Platform regulation,WHAT,Communicative / discourse-ethics / debate management,42
GROUP,Censorship,HOW,Removal,41
WHAT,Platform governance,WHY,Political control,41
WHAT,Platform governance,WHY,State security,40
GROUP,Platform governance,HOW,Metamoderation,39
WHO,Users,HOW,Filtering,39
WHO,Regulators,WHY,Misinformation or disinformation as harm,39
WHO,Government agencies,HOW,Filtering,39
WHO,Government agencies,HOW,Removal,39
GROUP,Moderation as the cultivation of a democratic public sphere,HOW,Review,39
WHO,Content moderators / BPO workforces,WHY,Compliance,39
WHO,Government agencies,WHY,Political control,39
WHO,Regulators,HOW,Review,38
WHO,Algorithmic systems,WHY,Coherence,38
WHO,Platforms,WHY,State security,38
HOW,Correcting,WHY,Democratic enhancement,38
HOW,Prompting,WHAT,Communicative / discourse-ethics / debate management,37
GROUP,Platform regulation,WHO,Government agencies,37
GROUP,Platform regulation,HOW,Metamoderation,37
HOW,Deplatforming,WHY,Social cohesion,36
GROUP,Moderation as the cultivation of a democratic public sphere,WHO,Users,36
WHAT,Regulative,WHY,Protection of children,36
GROUP,Platform regulation,WHY,Social cohesion,36
HOW,Coherence,WHAT,Communicative / discourse-ethics / debate management,36
GROUP,Platform regulation,WHO,Content moderators / BPO workforces,36
WHO,Government agencies,WHY,Democratic enhancement,36
WHO,Users,HOW,Review,36
GROUP,Censorship,WHY,Political control,36
GROUP,Platform regulation,WHY,Protection of children,35
HOW,Review,WHY,Coherence,35
GROUP,Moderation as the enforcement of community norms and identity,WHO,Algorithmic systems,35
GROUP,Moderation as the cultivation of a democratic public sphere,WHO,Algorithmic systems,35
WHO,"Schools, curricula, librarians, academia",WHAT,Communicative / discourse-ethics / debate management,34
GROUP,Moderation as the enforcement of community norms and identity,HOW,Review,34
GROUP,Moderation as the enforcement of community norms and identity,HOW,Enframing,34
HOW,Metamoderation,WHAT,Regulative,34
WHAT,Communicative / discourse-ethics / debate management,WHY,Brand safety,34
GROUP,Moderation as industrial labour,WHAT,Platform governance,34
GROUP,Censorship,WHO,Government agencies,34
HOW,Review,WHY,Misinformation or disinformation as harm,33
WHO,Journalists,WHAT,Communicative / discourse-ethics / debate management,33
HOW,Metamoderation,WHY,Harm principles and hate speech regulation,33
GROUP,Moderation as the cultivation of a democratic public sphere,HOW,Prompting,32
WHO,Government agencies,WHY,Harm principles and hate speech regulation,32
GROUP,Platform regulation,HOW,Deplatforming,32
HOW,Marginalisation,WHY,Social cohesion,32
GROUP,Platform governance,WHO,Platform oversight bodies,32
WHO,Platform oversight bodies,WHY,Democratic enhancement,32
HOW,Deplatforming,WHY,Misinformation or disinformation as harm,31
HOW,Labeling,WHY,Misinformation or disinformation as harm,30
HOW,Deplatforming,WHY,Democratic enhancement,30
WHO,Users,HOW,Metamoderation,29
WHO,Platforms,WHY,Obscenity and decency,29
WHAT,Platform governance,WHY,Obscenity and decency,29
WHAT,Regulative,WHY,State security,29
GROUP,Platform regulation,HOW,Correcting,29
GROUP,Moderation as the cultivation of a democratic public sphere,WHAT,Regulative,29
HOW,Economic,WHAT,Platform governance,28
GROUP,Censorship,WHO,Content moderators / BPO workforces,28
HOW,Monitoring,WHAT,Regulative,28
WHO,Platforms,HOW,Economic,27
HOW,Filtering,WHY,Protection of children,27
HOW,Filtering,WHY,Economic pressure,27
GROUP,Moderation as the cultivation of a democratic public sphere,WHY,Harm principles and hate speech regulation,27
GROUP,Moderation as the cultivation of a democratic public sphere,WHO,"Schools, curricula, librarians, academia",27
HOW,Correcting,WHAT,Communicative / discourse-ethics / debate management,27
GROUP,Moderation as industrial labour,WHO,Platforms,27
WHO,Platform oversight bodies,WHY,Harm principles and hate speech regulation,27
WHAT,Regulative,WHY,Economic pressure,27
HOW,Metamoderation,WHY,Social cohesion,26
GROUP,Moderation as the cultivation of a democratic public sphere,HOW,Removal,26
HOW,Prompting,WHY,Social cohesion,26
HOW,Coherence,WHY,Social cohesion,26
HOW,Removal,WHY,State security,26
HOW,Correcting,WHAT,Regulative,26
GROUP,Platform governance,HOW,Correcting,26
WHO,Algorithmic systems,HOW,Deplatforming,26
WHO,Users,HOW,Removal,26
WHO,Platform oversight bodies,HOW,Review,26
WHO,Journalists,HOW,Filtering,25
HOW,Rating,WHAT,Communicative / discourse-ethics / debate management,25
HOW,Enframing,WHY,Brand safety,25
HOW,Coherence,WHY,Coherence,25
GROUP,Censorship,WHY,Brand safety,25
WHO,Courts and prosecutors,WHY,Misinformation or disinformation as harm,25
GROUP,Platform governance,HOW,Labeling,25
GROUP,Moderation as industrial labour,HOW,Review,25
GROUP,Platform governance,WHY,Protection of children,24
GROUP,Moderation as the cultivation of a democratic public sphere,WHO,Journalists,24
WHO,"Schools, curricula, librarians, academia",WHY,Coherence,24
HOW,Prompting,WHY,Coherence,24
GROUP,Moderation as the enforcement of community norms and identity,WHY,Harm principles and hate speech regulation,24
GROUP,Moderation as the cultivation of a democratic public sphere,HOW,Coherence,24
HOW,Metamoderation,WHY,Compliance,24
WHO,Courts and prosecutors,HOW,Filtering,24
WHO,Courts and prosecutors,HOW,Enframing,24
WHO,Fact-checkers and verification units,WHAT,Platform governance,24
WHO,Fact-checkers and verification units,WHY,Misinformation or disinformation as harm,24
WHO,Government agencies,WHAT,Communicative / discourse-ethics / debate management,24
HOW,Marginalisation,WHY,Political control,24
GROUP,Censorship,WHY,Compliance,24
WHO,Platform oversight bodies,HOW,Metamoderation,24
HOW,Metamoderation,WHAT,Communicative / discourse-ethics / debate management,24
WHO,Users,WHY,Brand safety,23
HOW,Deplatforming,WHY,Brand safety,23
WHO,Users,HOW,Rating,23
GROUP,Moderation as the enforcement of community norms and identity,HOW,Filtering,23
GROUP,Censorship,WHY,Misinformation or disinformation as harm,23
HOW,Review,WHY,Protection of children,23
HOW,Filtering,WHY,Political control,23
GROUP,Moderation as the cultivation of a democratic public sphere,WHY,Misinformation or disinformation as harm,23
GROUP,Platform regulation,WHY,Economic pressure,22
WHO,"Schools, curricula, librarians, academia",WHY,Social cohesion,22
WHO,Algorithmic systems,HOW,Enframing,22
WHAT,Regulative,WHY,Obscenity and decency,22
HOW,Enframing,WHY,Misinformation or disinformation as harm,22
WHO,Government agencies,HOW,Enframing,22
WHO,Content moderators / BPO workforces,WHY,Misinformation or disinformation as harm,22
HOW,Removal,WHY,Political control,22
WHO,Algorithmic systems,WHY,Economic pressure,22
GROUP,Platform regulation,HOW,Monitoring,22
WHO,Content moderators / BPO workforces,HOW,Deplatforming,21
GROUP,Platform governance,WHAT,Infrastructural,21
GROUP,Moderation as the cultivation of a democratic public sphere,WHY,Brand safety,21
WHO,Platforms,HOW,Balancing,21
HOW,Marginalisation,WHAT,Communicative / discourse-ethics / debate management,21
WHO,Regulators,HOW,Marginalisation,21
GROUP,Platform regulation,WHO,Platform oversight bodies,21
GROUP,Platform regulation,WHAT,Infrastructural,20
WHO,"Schools, curricula, librarians, academia",HOW,Enframing,20
GROUP,Censorship,WHAT,Communicative / discourse-ethics / debate management,20
HOW,Blocking,WHAT,Platform governance,20
HOW,Rating,WHAT,Platform governance,20
GROUP,Censorship,WHY,Democratic enhancement,20
GROUP,Platform governance,WHO,Government agencies,20
HOW,Monitoring,WHAT,Communicative / discourse-ethics / debate management,20
HOW,Monitoring,WHY,Harm principles and hate speech regulation,20
WHO,Platforms,HOW,Access restriction,20
WHO,Content moderators / BPO workforces,HOW,Metamoderation,19
WHO,"Schools, curricula, librarians, academia",HOW,Prompting,19
HOW,Removal,WHY,Protection of children,19
HOW,Profiling,WHAT,Platform governance,19
WHO,"Schools, curricula, librarians, academia",HOW,Coherence,19
WHO,Fact-checkers and verification units,HOW,Correcting,19
WHO,Government agencies,WHY,Social cohesion,19
HOW,Removal,WHY,Coherence,19
HOW,Labeling,WHY,Harm principles and hate speech regulation,19
WHO,Users,HOW,Marginalisation,19
GROUP,Platform governance,WHY,Political control,19
HOW,Monitoring,WHY,Social cohesion,19
GROUP,Censorship,HOW,Deplatforming,19
GROUP,Automated content moderation,WHO,Algorithmic systems,19
WHO,Pre-platform moderators,WHAT,Communicative / discourse-ethics / debate management,19
GROUP,Moderation as the enforcement of community norms and identity,HOW,Removal,19
WHO,Users,HOW,Deplatforming,18
WHAT,Infrastructural,WHY,Compliance,18
HOW,Filtering,WHAT,Infrastructural,18
GROUP,Moderation as the enforcement of community norms and identity,HOW,Metamoderation,18
GROUP,Censorship,WHY,Obscenity and decency,18
HOW,Labeling,WHY,Democratic enhancement,18
HOW,Balancing,WHAT,Communicative / discourse-ethics / debate management,18
HOW,Balancing,WHY,Harm principles and hate speech regulation,18
GROUP,Platform regulation,WHY,State security,18
WHO,Courts and prosecutors,HOW,Deplatforming,18
WHO,Users,WHY,Misinformation or disinformation as harm,18
HOW,Self-censorship,WHAT,Regulative,18
HOW,Rating,WHY,Social cohesion,18
WHO,Journalists,WHY,Democratic enhancement,18
WHO,Content moderators / BPO workforces,HOW,Monitoring,18
WHO,Government agencies,HOW,Marginalisation,18
WHO,Platform oversight bodies,WHAT,Regulative,18
HOW,Metamoderation,WHY,Coherence,18
GROUP,Platform governance,WHY,Economic pressure,17
WHAT,Infrastructural,WHY,Democratic enhancement,17
HOW,Labeling,WHAT,Regulative,17
WHO,Courts and prosecutors,WHY,Compliance,17
WHO,Users,WHAT,Regulative,17
WHO,Government agencies,WHY,State security,17
GROUP,Moderation as industrial labour,WHY,Brand safety,17
GROUP,Censorship,HOW,Self-censorship,17
GROUP,Moderating extremism,WHO,Platforms,16
GROUP,Platform governance,WHY,Obscenity and decency,16
WHO,Algorithmic systems,HOW,Metamoderation,16
WHO,Regulators,HOW,Metamoderation,16
GROUP,Censorship,HOW,Enframing,16
WHO,Courts and prosecutors,WHY,Brand safety,16
WHO,Content moderators / BPO workforces,WHY,Protection of children,16
HOW,Marginalisation,WHY,Protection of children,16
HOW,Correcting,WHY,Social cohesion,16
GROUP,Censorship,WHY,Social cohesion,16
HOW,Monitoring,WHY,Compliance,16
HOW,Monitoring,WHY,Democratic enhancement,16
GROUP,Censorship,HOW,Review,16
HOW,Metamoderation,WHY,Brand safety,15
GROUP,Moderating extremism,WHAT,Platform governance,15
WHO,Platforms,WHAT,Constitutive,15
WHAT,Infrastructural,WHY,Social cohesion,15
WHO,Courts and prosecutors,WHAT,Communicative / discourse-ethics / debate management,15
WHO,Platforms,HOW,Blocking,15
GROUP,Moderation as the cultivation of a democratic public sphere,WHO,Government agencies,15
WHO,Civil society,WHAT,Platform governance,15
WHAT,Infrastructural,WHY,Brand safety,15
GROUP,Moderation as the cultivation of a democratic public sphere,WHO,Debate moderators,15
WHO,Debate moderators,WHAT,Communicative / discourse-ethics / debate management,15
HOW,Access restriction,WHAT,Regulative,15
GROUP,Platform regulation,WHO,"Legislatures (memory laws, foreign-agent statutes)",15
GROUP,Platform regulation,WHY,Political control,15
GROUP,Automated content moderation,HOW,Filtering,15
WHO,Government agencies,WHY,Compliance,15
WHAT,Platform governance,WHY,Other,15
WHO,Algorithmic systems,WHY,Protection of children,15
HOW,Balancing,WHAT,Platform governance,15
GROUP,Platform regulation,HOW,Balancing,15
WHO,Civil society,WHAT,Regulative,15
GROUP,Automated content moderation,HOW,Review,15
WHO,Algorithmic systems,HOW,Labeling,15
GROUP,Moderation as the cultivation of a democratic public sphere,HOW,Marginalisation,15
WHO,Regulators,WHAT,Communicative / discourse-ethics / debate management,15
WHO,Regulators,HOW,Enframing,15
WHO,Platform oversight bodies,WHY,Brand safety,15
HOW,Deplatforming,WHY,Compliance,14
WHO,Platforms,HOW,Profiling,14
WHO,Journalists,WHY,Social cohesion,14
HOW,Rating,WHY,Democratic enhancement,14
HOW,Review,WHY,Economic pressure,14
HOW,Metamoderation,WHY,Misinformation or disinformation as harm,14
WHO,Algorithmic systems,WHY,Obscenity and decency,14
HOW,Marginalisation,WHY,Obscenity and decency,14
GROUP,Platform governance,WHY,Coherence,14
HOW,Deplatforming,WHAT,Communicative / discourse-ethics / debate management,14
WHO,Journalists,WHY,Brand safety,14
HOW,Balancing,WHAT,Regulative,14
GROUP,Moderation as industrial labour,WHY,Harm principles and hate speech regulation,14
WHO,Users,HOW,Correcting,14
WHO,Platforms,HOW,Self-censorship,14
WHO,"Legislatures (memory laws, foreign-agent statutes)",WHAT,Regulative,14
WHAT,Communicative / discourse-ethics / debate management,WHY,Compliance,14
GROUP,Platform regulation,HOW,Access restriction,14
HOW,Access restriction,WHAT,Infrastructural,14
HOW,Removal,WHY,Economic pressure,14
GROUP,Platform governance,HOW,Monitoring,14
HOW,Balancing,WHY,Democratic enhancement,14
HOW,Access restriction,WHAT,Platform governance,14
HOW,Marginalisation,WHY,Economic pressure,14
HOW,Deplatforming,WHAT,Infrastructural,13
WHO,Cloud / infrastructure providers,WHAT,Infrastructural,13
WHO,Media owners,WHAT,Communicative / discourse-ethics / debate management,13
HOW,Economic,WHAT,Regulative,13
WHO,Cloud / infrastructure providers,WHAT,Platform governance,13
GROUP,Platform regulation,HOW,Labeling,13
WHO,Regulators,WHY,Brand safety,13
WHO,Government agencies,HOW,Review,13
GROUP,Automated content moderation,WHAT,Platform governance,13
WHO,Platforms,HOW,Rating,13
GROUP,Platform governance,HOW,Economic,13
HOW,Economic,WHY,Brand safety,13
GROUP,Moderation as the enforcement of community norms and identity,HOW,Deplatforming,13
GROUP,Other,WHAT,Platform governance,13
HOW,Self-censorship,WHAT,Platform governance,13
HOW,Rating,WHY,Coherence,13
GROUP,Moderating extremism,WHY,State security,13
WHO,Government agencies,WHY,Misinformation or disinformation as harm,13
WHO,Pre-platform moderators,HOW,Enframing,13
WHO,Pre-platform moderators,WHY,Social cohesion,13
HOW,Enframing,WHY,Protection of children,13
WHO,Platform oversight bodies,WHY,Compliance,13
WHAT,Infrastructural,WHY,Harm principles and hate speech regulation,12
GROUP,Moderation as the cultivation of a democratic public sphere,HOW,Rating,12
WHO,Courts and prosecutors,HOW,Balancing,12
HOW,Filtering,WHY,State security,12
HOW,Enframing,WHY,Compliance,12
GROUP,Moderation as industrial labour,HOW,Filtering,12
WHO,Courts and prosecutors,HOW,Review,12
WHO,Courts and prosecutors,WHY,Social cohesion,12
WHO,Algorithmic systems,HOW,Correcting,12
GROUP,Moderation as the enforcement of community norms and identity,WHO,Platforms,12
WHO,Content moderators / BPO workforces,WHY,Political control,12
WHO,Content moderators / BPO workforces,HOW,Prompting,12
HOW,Removal,WHY,Obscenity and decency,12
WHO,Pre-platform moderators,WHY,Coherence,12
WHO,Platforms,HOW,Disclosure,12
GROUP,Platform governance,WHO,Regulators,12
GROUP,Moderation as the cultivation of a democratic public sphere,HOW,Balancing,12
WHO,Courts and prosecutors,HOW,Marginalisation,12
WHO,Government agencies,HOW,Access restriction,12
GROUP,Censorship,WHY,Economic pressure,12
WHAT,Constitutive,WHY,Harm principles and hate speech regulation,12
HOW,Economic,WHY,Compliance,11
GROUP,Moderation as the cultivation of a democratic public sphere,WHO,Media owners,11
WHO,Government agencies,WHY,Protection of children,11
WHO,Algorithmic systems,HOW,Profiling,11
WHO,Content moderators / BPO workforces,WHAT,Infrastructural,11
HOW,Profiling,WHY,Social cohesion,11
WHO,Content moderators / BPO workforces,HOW,Coherence,11
WHO,Regulators,WHY,Social cohesion,11
WHO,"Public-private partnerships (""free-speech triangle"")",WHAT,Platform governance,11
GROUP,Platform governance,WHO,Fact-checkers and verification units,11
WHAT,Regulative,WHY,Coherence,11
GROUP,Platform governance,HOW,Rating,11
WHO,"Legislatures (memory laws, foreign-agent statutes)",WHAT,Platform governance,11
WHO,Algorithmic systems,WHY,Political control,11
GROUP,Moderation as the cultivation of a democratic public sphere,HOW,Correcting,11
HOW,Filtering,WHY,Obscenity and decency,11
GROUP,Automated content moderation,WHY,Harm principles and hate speech regulation,11
GROUP,Moderation as the cultivation of a democratic public sphere,WHO,Pre-platform moderators,11
WHO,Regulators,WHY,Protection of children,11
HOW,Disclosure,WHAT,Platform governance,11
WHO,Debate moderators,HOW,Enframing,11
WHO,Civil society,WHY,Democratic enhancement,11
WHO,Platforms,WHY,Other,11
HOW,Access restriction,WHY,Political control,11
WHO,Platform oversight bodies,HOW,Removal,11
WHO,Regulators,HOW,Correcting,11
WHO,Algorithmic systems,HOW,Economic,11
WHO,Platform oversight bodies,HOW,Filtering,11
WHO,Fact-checkers and verification units,WHY,Democratic enhancement,11
WHO,Cloud / infrastructure providers,HOW,Filtering,10
WHO,Editors,WHAT,Communicative / discourse-ethics / debate management,10
GROUP,Platform regulation,WHO,Cloud / infrastructure providers,10
GROUP,Platform governance,WHAT,Constitutive,10
WHO,Content moderators / BPO workforces,WHY,Obscenity and decency,10
WHO,Algorithmic systems,WHY,State security,10
HOW,Blocking,WHY,Harm principles and hate speech regulation,10
GROUP,Moderating extremism,WHY,Social cohesion,10
WHAT,Infrastructural,WHY,Misinformation or disinformation as harm,10
HOW,Bridging,WHAT,Communicative / discourse-ethics / debate management,10
HOW,Correcting,WHY,Harm principles and hate speech regulation,10
WHO,Courts and prosecutors,WHY,Protection of children,10
GROUP,Moderation as the enforcement of community norms and identity,HOW,Rating,10
GROUP,Platform governance,WHO,Courts and prosecutors,10
WHO,"Legislatures (memory laws, foreign-agent statutes)",WHY,Democratic enhancement,10
WHO,Algorithmic systems,HOW,Self-censorship,10
WHO,Government agencies,HOW,Monitoring,10
WHO,Algorithmic systems,HOW,Monitoring,10
WHO,Platforms,WHY,Coherence,10
WHO,Content moderators / BPO workforces,WHY,Economic pressure,10
HOW,Bridging,WHAT,Platform governance,10
HOW,Economic,WHAT,Infrastructural,9
GROUP,Moderation as the enforcement of community norms and identity,WHY,Democratic enhancement,9
WHO,Journalists,HOW,Review,9
HOW,Correcting,WHY,Compliance,9
HOW,Blocking,WHAT,Regulative,9
WHO,Users,HOW,Coherence,9
GROUP,Moderation as the enforcement of community norms and identity,WHAT,Regulative,9
HOW,Rating,WHAT,Regulative,9
WHO,Journalists,HOW,Enframing,9
WHO,Journalists,WHAT,Regulative,9
GROUP,Other,HOW,Filtering,9
GROUP,Other,WHY,Harm principles and hate speech regulation,9
WHO,Platform oversight bodies,HOW,Deplatforming,9
WHO,Content moderators / BPO workforces,HOW,Rating,9
HOW,Monitoring,WHY,State security,9
WHO,Courts and prosecutors,HOW,Monitoring,9
WHO,Government agencies,WHAT,Infrastructural,9
WHAT,Infrastructural,WHY,Political control,9
GROUP,Automated content moderation,WHY,Social cohesion,9
GROUP,Automated content moderation,WHO,Content moderators / BPO workforces,9
GROUP,Censorship,WHY,Protection of children,9
HOW,Profiling,WHY,Harm principles and hate speech regulation,9
HOW,Marginalisation,WHAT,Infrastructural,9
GROUP,Other,WHO,Algorithmic systems,9
GROUP,Moderating extremism,WHO,Algorithmic systems,9
WHO,Self-censorship,HOW,Self-censorship,9
HOW,Bridging,WHY,Social cohesion,9
GROUP,Moderating extremism,HOW,Removal,9
GROUP,Platform regulation,WHO,Civil society,9
HOW,Monitoring,WHY,Misinformation or disinformation as harm,9
HOW,Economic,WHY,Harm principles and hate speech regulation,8
GROUP,Platform governance,WHO,Cloud / infrastructure providers,8
GROUP,Platform governance,HOW,Profiling,8
GROUP,Platform regulation,HOW,Economic,8
HOW,Enframing,WHAT,Constitutive,8
HOW,Enframing,WHY,Obscenity and decency,8
GROUP,Censorship,WHO,Courts and prosecutors,8
GROUP,Platform governance,HOW,Blocking,8
GROUP,Platform governance,WHY,State security,8
WHO,"Public-private partnerships (""free-speech triangle"")",WHAT,Regulative,8
GROUP,Moderation as the enforcement of community norms and identity,HOW,Coherence,8
WHO,Platforms,HOW,Bridging,8
WHO,Users,HOW,Bridging,8
HOW,Bridging,WHY,Democratic enhancement,8
GROUP,Platform governance,WHO,Civil society,8
WHO,Civil society,WHY,Harm principles and hate speech regulation,8
WHO,Content moderators / BPO workforces,HOW,Correcting,8
HOW,Rating,WHY,Harm principles and hate speech regulation,8
WHO,Editors,HOW,Filtering,8
HOW,Access restriction,WHY,Compliance,8
GROUP,Other,WHO,Platforms,8
HOW,Enframing,WHY,Economic pressure,8
HOW,Self-censorship,WHY,Harm principles and hate speech regulation,8
WHO,Platforms,HOW,Interiorisation,8
GROUP,Platform regulation,HOW,Rating,8
GROUP,Censorship,HOW,Monitoring,8
GROUP,Censorship,WHO,Users,8
HOW,Disclosure,WHAT,Regulative,8
HOW,Monitoring,WHY,Political control,8
WHO,Users,WHY,Compliance,8
HOW,Profiling,WHAT,Regulative,8
HOW,Marginalisation,WHAT,Constitutive,8
WHO,Pre-platform moderators,WHY,Democratic enhancement,8
GROUP,Moderation as the cultivation of a democratic public sphere,HOW,Monitoring,8
HOW,Balancing,WHY,Social cohesion,8
GROUP,Moderation as industrial labour,HOW,Removal,8
WHO,Regulators,WHY,State security,8
WHO,Fact-checkers and verification units,WHAT,Communicative / discourse-ethics / debate management,8
WHO,Debate moderators,WHY,Coherence,8
HOW,Labeling,WHAT,Communicative / discourse-ethics / debate management,8
HOW,Rating,WHY,Brand safety,8
GROUP,Moderation as the cultivation of a democratic public sphere,HOW,Metamoderation,8
GROUP,Censorship,WHO,Regulators,8
WHO,Government agencies,HOW,Correcting,8
GROUP,Moderation as industrial labour,WHO,Algorithmic systems,8
GROUP,Platform regulation,WHO,Fact-checkers and verification units,8
WHO,"Legislatures (memory laws, foreign-agent statutes)",WHY,Misinformation or disinformation as harm,8
GROUP,Moderating extremism,WHY,Harm principles and hate speech regulation,7
GROUP,Moderation as the cultivation of a democratic public sphere,WHO,Editors,7
HOW,Economic,WHY,Misinformation or disinformation as harm,7
HOW,Review,WHAT,Infrastructural,7
WHAT,Constitutive,WHY,Brand safety,7
WHO,Content moderators / BPO workforces,HOW,Profiling,7
WHO,Journalists,WHY,Coherence,7
WHO,Algorithmic systems,HOW,Blocking,7
HOW,Blocking,WHY,Democratic enhancement,7
WHO,App stores,WHAT,Platform governance,7
GROUP,Platform governance,HOW,Bridging,7
GROUP,Censorship,HOW,Correcting,7
GROUP,Moderation as the enforcement of community norms and identity,WHY,Brand safety,7
WHO,Cloud / infrastructure providers,WHAT,Regulative,7
HOW,Deplatforming,WHY,Political control,7
WHO,Fact-checkers and verification units,HOW,Marginalisation,7
HOW,Interiorisation,WHAT,Platform governance,7
WHO,Users,WHY,Obscenity and decency,7
GROUP,Censorship,WHAT,Infrastructural,7
HOW,Monitoring,WHAT,Infrastructural,7
WHO,Government agencies,HOW,Metamoderation,7
HOW,Interiorisation,WHY,Social cohesion,7
GROUP,Moderating extremism,WHAT,Regulative,7
WHO,Civil society,WHAT,Communicative / discourse-ethics / debate management,7
WHO,Civil society,WHY,Social cohesion,7
HOW,Disclosure,WHY,Harm principles and hate speech regulation,7
WHAT,Communicative / discourse-ethics / debate management,WHY,Political control,7
HOW,Monitoring,WHY,Brand safety,7
GROUP,Platform regulation,HOW,Disclosure,7
HOW,Monitoring,WHY,Coherence,7
HOW,Coersive,WHAT,Regulative,7
HOW,Self-censorship,WHY,Social cohesion,7
WHO,Fact-checkers and verification units,HOW,Review,7
WHO,Platform oversight bodies,HOW,Marginalisation,7
GROUP,Moderation as the enforcement of community norms and identity,WHO,Pre-platform moderators,7
GROUP,Moderation as the cultivation of a democratic public sphere,HOW,Bridging,7
WHO,Platforms,WHY,Genocide prevention / dangerous speech,7
WHAT,Platform governance,WHY,Genocide prevention / dangerous speech,7
WHO,Police / intelligence services,WHAT,Platform governance,7
WHO,Users,WHAT,Constitutive,7
HOW,Economic,WHY,Protection of children,7
GROUP,Moderating extremism,HOW,Deplatforming,6
WHO,Cloud / infrastructure providers,WHY,Economic pressure,6
WHAT,Infrastructural,WHY,Economic pressure,6
WHO,Editors,WHY,Democratic enhancement,6
WHO,Content moderators / BPO workforces,WHAT,Constitutive,6
HOW,Review,WHY,Obscenity and decency,6
HOW,Metamoderation,WHAT,Infrastructural,6
HOW,Profiling,WHY,Brand safety,6
HOW,Balancing,WHY,Misinformation or disinformation as harm,6
HOW,Review,WHY,State security,6
WHO,"Public-private partnerships (""free-speech triangle"")",HOW,Removal,6
GROUP,Automated content moderation,WHO,Platforms,6
WHO,App stores,WHAT,Infrastructural,6
HOW,Enframing,WHAT,Infrastructural,6
WHO,"Public-private partnerships (""free-speech triangle"")",WHY,Democratic enhancement,6
WHO,Cloud / infrastructure providers,HOW,Economic,6
WHAT,Platform governance,WHY,Ideological consolidation,6
GROUP,Platform governance,HOW,Self-censorship,6
HOW,Self-censorship,WHY,Brand safety,6
WHO,Debate moderators,WHY,Democratic enhancement,6
GROUP,Moderation as the cultivation of a democratic public sphere,WHY,Compliance,6
GROUP,Moderation as the cultivation of a democratic public sphere,HOW,Intermediate,6
HOW,Intermediate,WHY,Democratic enhancement,6
HOW,Access restriction,WHY,Harm principles and hate speech regulation,6
WHO,Editors,WHY,Coherence,6
WHO,Users,WHY,Protection of children,6
GROUP,Censorship,WHY,State security,6
WHO,Media owners,HOW,Filtering,6
HOW,Marginalisation,WHY,State security,6
WHO,Fact-checkers and verification units,HOW,Removal,6
WHO,Platform oversight bodies,WHAT,Communicative / discourse-ethics / debate management,6
GROUP,Platform regulation,HOW,Blocking,6
WHO,Platforms,WHY,Clear and present danger,6
WHAT,Platform governance,WHY,Clear and present danger,6
HOW,Redirection,WHAT,Regulative,6
GROUP,Automated content moderation,WHAT,Communicative / discourse-ethics / debate management,6
HOW,Economic,WHAT,Communicative / discourse-ethics / debate management,6
HOW,Labeling,WHY,Social cohesion,6
WHO,Civil society,HOW,Filtering,6
WHO,Regulators,HOW,Monitoring,6
GROUP,Moderation as the enforcement of community norms and identity,HOW,Monitoring,6
WHO,Content moderators / BPO workforces,HOW,Labeling,6
HOW,Correcting,WHY,Brand safety,6
HOW,Self-censorship,WHY,Political control,6
WHO,Civil society,HOW,Review,6
HOW,Economic,WHY,Democratic enhancement,6
GROUP,Platform governance,WHY,Other,6
WHO,Users,HOW,Labeling,6
WHO,Debate moderators,WHY,Social cohesion,6
WHO,Algorithmic systems,HOW,Interiorisation,6
GROUP,Moderating extremism,HOW,Marginalisation,6
WHO,Civil society,WHY,Misinformation or disinformation as harm,6
HOW,Labeling,WHY,Brand safety,6
WHAT,Regulative,WHY,Genocide prevention / dangerous speech,6
GROUP,Censorship,WHO,Self-censorship,6
GROUP,Moderation as the cultivation of a democratic public sphere,HOW,Deplatforming,6
GROUP,Moderating extremism,HOW,Economic,5
WHO,Editors,HOW,Enframing,5
WHO,Regulators,HOW,Economic,5
HOW,Review,WHAT,Constitutive,5
GROUP,Platform regulation,WHO,Legislatures,5
WHO,Legislatures,WHAT,Platform governance,5
HOW,Profiling,WHAT,Communicative / discourse-ethics / debate management,5
HOW,Blocking,WHY,Compliance,5
WHO,Courts and prosecutors,HOW,Correcting,5
WHO,Platforms,WHY,Ideological consolidation,5
WHO,Fact-checkers and verification units,HOW,Labeling,5
HOW,Self-censorship,WHY,Compliance,5
GROUP,Censorship,WHY,Other,5
WHO,"Schools, curricula, librarians, academia",WHAT,Regulative,5
WHAT,Regulative,WHY,Other,5
HOW,Self-censorship,WHAT,Communicative / discourse-ethics / debate management,5
WHO,Content moderators / BPO workforces,HOW,Intermediate,5
HOW,Intermediate,WHAT,Communicative / discourse-ethics / debate management,5
WHO,"Legislatures (memory laws, foreign-agent statutes)",HOW,Review,5
HOW,Prompting,WHY,Democratic enhancement,5
WHO,Government agencies,HOW,Deplatforming,5
WHO,Fact-checkers and verification units,WHAT,Regulative,5
HOW,Removal,WHAT,Infrastructural,5
GROUP,Platform regulation,WHO,Users,5
HOW,Redirection,WHAT,Platform governance,5
GROUP,Moderating extremism,WHAT,Communicative / discourse-ethics / debate management,5
HOW,Redirection,WHY,Social cohesion,5
HOW,Redirection,WHY,State security,5
WHO,Journalists,HOW,Rating,5
WHO,Users,HOW,Prompting,5
WHO,Pre-platform moderators,HOW,Coherence,5
GROUP,Censorship,HOW,Economic,5
WHO,Courts and prosecutors,HOW,Metamoderation,5
HOW,Metamoderation,WHY,Protection of children,5
WHO,Algorithmic systems,WHY,Other,5
GROUP,Moderation as industrial labour,HOW,Marginalisation,5
WHO,Regulators,HOW,Labeling,5
HOW,Interiorisation,WHAT,Communicative / discourse-ethics / debate management,5
GROUP,Platform regulation,WHAT,Constitutive,5
GROUP,Moderation as the enforcement of community norms and identity,HOW,Prompting,5
WHO,Government agencies,HOW,Coersive,5
HOW,Access restriction,WHY,Brand safety,5
HOW,Access restriction,WHY,Democratic enhancement,5
GROUP,Platform governance,HOW,Access restriction,5
GROUP,Moderation as the enforcement of community norms and identity,HOW,Labeling,5
HOW,Deplatforming,WHY,Coherence,5
WHAT,Platform governance,WHY,Alignment with human values,5
GROUP,Moderation as the enforcement of community norms and identity,HOW,Profiling,5
WHO,Fact-checkers and verification units,WHY,Harm principles and hate speech regulation,5
GROUP,Moderation as industrial labour,WHY,Compliance,5
GROUP,Platform governance,WHO,Journalists,5
GROUP,Other,HOW,Review,5
HOW,Enframing,WHY,Other,5
WHO,Regulators,HOW,Deplatforming,5
GROUP,Platform regulation,HOW,Coersive,5
GROUP,Moderating extremism,WHY,Brand safety,5
WHO,Police / intelligence services,WHAT,Regulative,5
GROUP,Platform regulation,WHO,Police / intelligence services,5
HOW,Modification,WHY,Harm principles and hate speech regulation,5
HOW,Filtering,WHAT,Constitutive,5
WHO,Regulators,WHAT,Infrastructural,5
WHO,Platform oversight bodies,HOW,Enframing,5
HOW,Blocking,WHAT,Communicative / discourse-ethics / debate management,5
WHO,Platform oversight bodies,WHY,Social cohesion,5
HOW,Correcting,WHAT,Infrastructural,5
WHO,Algorithmic systems,HOW,Bridging,5
HOW,Filtering,WHY,Other,5
GROUP,Moderation as the cultivation of a democratic public sphere,WHO,Regulators,5
GROUP,Moderation as the cultivation of a democratic public sphere,HOW,Labeling,5
WHO,Civil society,HOW,Enframing,5
WHO,Payment processors / financial infrastructure,WHAT,Platform governance,4
WHO,Payment processors / financial infrastructure,WHAT,Infrastructural,4
WHO,Cloud / infrastructure providers,WHY,Protection of children,4
WHO,Journalists,HOW,Removal,4
WHO,Journalists,WHY,Harm principles and hate speech regulation,4
WHAT,Constitutive,WHY,Obscenity and decency,4
WHO,Legislatures,WHAT,Regulative,4
WHO,Other,WHAT,Communicative / discourse-ethics / debate management,4
GROUP,Platform regulation,WHO,"Public-private partnerships (""free-speech triangle"")",4
WHO,"Public-private partnerships (""free-speech triangle"")",HOW,Filtering,4
GROUP,Moderation as industrial labour,WHAT,Regulative,4
WHO,Content moderators / BPO workforces,HOW,Blocking,4
HOW,Economic,WHY,Social cohesion,4
WHO,App stores,WHY,Compliance,4
WHO,Government agencies,WHY,Coherence,4
HOW,Bridging,WHY,Misinformation or disinformation as harm,4
WHO,Cloud / infrastructure providers,HOW,Deplatforming,4
WHO,"Legislatures (memory laws, foreign-agent statutes)",WHY,Brand safety,4
WHO,Courts and prosecutors,HOW,Access restriction,4
WHO,Cloud / infrastructure providers,WHY,Compliance,4
HOW,Coherence,WHY,Democratic enhancement,4
GROUP,Other,WHO,Content moderators / BPO workforces,4
HOW,Deplatforming,WHY,Protection of children,4
WHAT,Communicative / discourse-ethics / debate management,WHY,Protection of children,4
WHO,Media owners,WHAT,Regulative,4
WHO,Courts and prosecutors,WHY,Economic pressure,4
WHO,Cloud / infrastructure providers,HOW,Enframing,4
WHO,Cloud / infrastructure providers,WHY,Social cohesion,4
HOW,Deplatforming,WHY,Clear and present danger,4
WHAT,Regulative,WHY,Clear and present danger,4
WHO,Algorithmic systems,HOW,Rating,4
GROUP,Censorship,HOW,Redirection,4
WHO,Platforms,HOW,Redirection,4
GROUP,Moderating extremism,HOW,Redirection,4
HOW,Redirection,WHAT,Communicative / discourse-ethics / debate management,4
HOW,Enframing,WHY,State security,4
WHO,Pre-platform moderators,HOW,Prompting,4
WHO,Regulators,WHY,Economic pressure,4
WHO,Users,WHY,Economic pressure,4
GROUP,Platform governance,HOW,Interiorisation,4
WHO,Users,HOW,Interiorisation,4
WHO,Editors,WHY,Social cohesion,4
GROUP,Moderating extremism,WHO,Government agencies,4
GROUP,Moderating extremism,HOW,Filtering,4
WHAT,Constitutive,WHY,Social cohesion,4
WHO,Content moderators / BPO workforces,HOW,Disclosure,4
HOW,Disclosure,WHY,Coherence,4
HOW,Blocking,WHY,Social cohesion,4
WHO,Platforms,HOW,Algorithmic systems,4
WHO,Platforms,HOW,Coersive,4
HOW,Coersive,WHY,Political control,4
WHO,Algorithmic systems,HOW,Balancing,4
GROUP,Automated content moderation,WHY,Compliance,4
HOW,Monitoring,WHY,Economic pressure,4
GROUP,Censorship,HOW,Profiling,4
HOW,Rating,WHY,Protection of children,4
GROUP,Censorship,WHAT,Constitutive,4
HOW,Removal,WHAT,Constitutive,4
HOW,Labeling,WHY,Coherence,4
WHO,Platforms,WHY,Alignment with human values,4
WHO,Media owners,WHY,Social cohesion,4
WHO,Media owners,WHY,Democratic enhancement,4
GROUP,Platform regulation,WHY,Coherence,4
GROUP,Moderating extremism,WHO,Users,4
WHO,Users,HOW,Balancing,4
GROUP,Compliance,WHO,Platforms,4
GROUP,Compliance,WHAT,Platform governance,4
GROUP,Compliance,WHY,Compliance,4
GROUP,Platform governance,WHO,"Public-private partnerships (""free-speech triangle"")",4
WHO,"Schools, curricula, librarians, academia",WHAT,Platform governance,4
GROUP,Censorship,HOW,Metamoderation,4
GROUP,Other,WHY,Coherence,4
WHO,Algorithmic systems,HOW,Redirection,4
GROUP,Moderation as the cultivation of a democratic public sphere,HOW,Economic,4
WHO,Cloud / infrastructure providers,WHY,Misinformation or disinformation as harm,4
WHO,Self-censorship,WHAT,Regulative,4
GROUP,Censorship,HOW,Access restriction,4
HOW,Access restriction,WHY,Social cohesion,4
HOW,Coersive,WHY,Misinformation or disinformation as harm,4
WHO,Civil society,HOW,Removal,4
WHO,Platforms,HOW,Other,4
HOW,Review,WHY,Alignment with human values,4
WHO,Police / intelligence services,HOW,Filtering,4
GROUP,Moderation as the cultivation of a democratic public sphere,WHO,Civil society,4
WHO,Mediators,WHAT,Communicative / discourse-ethics / debate management,4
WHO,"Schools, curricula, librarians, academia",HOW,Review,4
HOW,Review,WHY,Political control,4
WHO,Pre-platform moderators,WHAT,Regulative,4
WHO,Pre-platform moderators,HOW,Rating,4
WHO,Government agencies,WHY,Genocide prevention / dangerous speech,4
HOW,Removal,WHY,Genocide prevention / dangerous speech,4
HOW,Deplatforming,WHY,Economic pressure,4
WHO,Algorithmic systems,WHY,Alignment with human values,4
WHO,Platforms,HOW,Modification,4
WHO,Platform oversight bodies,WHY,Misinformation or disinformation as harm,4
WHO,"Schools, curricula, librarians, academia",WHY,Democratic enhancement,4
HOW,Deplatforming,WHY,State security,4
HOW,Economic,WHY,Political control,4
WHO,Platforms,HOW,Removal from circulation,4
HOW,Removal from circulation,WHAT,Platform governance,4
HOW,Self-censorship,WHY,Economic pressure,4
WHO,Government agencies,HOW,Self-censorship,4
HOW,Blocking,WHY,Misinformation or disinformation as harm,4
WHO,Platform oversight bodies,WHAT,Infrastructural,4
HOW,Correcting,WHY,Political control,4
GROUP,Platform regulation,WHY,Obscenity and decency,4
WHO,Users,HOW,Self-censorship,4
WHAT,Other,WHY,Brand safety,4
WHO,"Legislatures (memory laws, foreign-agent statutes)",HOW,Removal,4
GROUP,Moderating extremism,WHY,Compliance,3
WHO,Payment processors / financial infrastructure,HOW,Economic,3
WHO,Payment processors / financial infrastructure,HOW,Deplatforming,3
WHO,Payment processors / financial infrastructure,WHY,Compliance,3
HOW,Profiling,WHAT,Infrastructural,3
WHAT,Infrastructural,WHY,Protection of children,3
WHO,Editors,HOW,Rating,3
WHO,Cloud / infrastructure providers,WHY,Democratic enhancement,3
WHO,Legislatures,HOW,Deplatforming,3
WHO,Algorithmic systems,WHAT,Infrastructural,3
HOW,Profiling,WHY,Democratic enhancement,3
WHO,"Schools, curricula, librarians, academia",HOW,Filtering,3
WHO,Courts and prosecutors,HOW,Labeling,3
WHO,Other,HOW,Enframing,3
WHO,"Public-private partnerships (""free-speech triangle"")",WHY,State security,3
HOW,Filtering,WHY,Ideological consolidation,3
WHAT,Regulative,WHY,Ideological consolidation,3
WHO,Fact-checkers and verification units,HOW,Deplatforming,3
GROUP,Moderation as industrial labour,WHY,Democratic enhancement,3
WHO,Government agencies,HOW,Blocking,3
HOW,Labeling,WHAT,Infrastructural,3
WHO,Cloud / infrastructure providers,WHY,Brand safety,3
WHO,Cloud / infrastructure providers,WHY,Harm principles and hate speech regulation,3
GROUP,Moderation as the enforcement of community norms and identity,HOW,Correcting,3
GROUP,Moderation as the enforcement of community norms and identity,WHY,Misinformation or disinformation as harm,3
GROUP,Moderation as industrial labour,WHY,Protection of children,3
GROUP,Moderation as the enforcement of community norms and identity,HOW,Marginalisation,3
GROUP,Censorship,HOW,Labeling,3
WHO,"Schools, curricula, librarians, academia",WHY,Harm principles and hate speech regulation,3
WHAT,Other,WHY,Harm principles and hate speech regulation,3
WHO,Debate moderators,HOW,Filtering,3
GROUP,Moderation as the cultivation of a democratic public sphere,HOW,Self-censorship,3
WHO,Advertisers,WHAT,Platform governance,3
WHO,Advertisers,WHY,Brand safety,3
WHO,Advertisers,WHY,Harm principles and hate speech regulation,3
WHO,Cloud / infrastructure providers,HOW,Access restriction,3
WHO,Courts and prosecutors,WHAT,Infrastructural,3
GROUP,Other,WHAT,Regulative,3
WHO,Journalists,HOW,Correcting,3
HOW,Correcting,WHY,Coherence,3
HOW,Monitoring,WHY,Protection of children,3
WHO,Media owners,WHY,Brand safety,3
WHO,Media owners,WHY,Harm principles and hate speech regulation,3
GROUP,Censorship,WHO,Fact-checkers and verification units,3
WHO,Courts and prosecutors,HOW,Blocking,3
HOW,Blocking,WHY,Economic pressure,3
GROUP,Platform governance,WHY,Clear and present danger,3
WHO,Government agencies,HOW,Redirection,3
HOW,Redirection,WHY,Brand safety,3
WHO,Other,WHY,Social cohesion,3
WHAT,Communicative / discourse-ethics / debate management,WHY,State security,3
HOW,Filtering,WHY,Clear and present danger,3
GROUP,Moderation as the cultivation of a democratic public sphere,HOW,Agenda setting,3
HOW,Agenda setting,WHAT,Communicative / discourse-ethics / debate management,3
HOW,Agenda setting,WHY,Democratic enhancement,3
GROUP,Moderation as the cultivation of a democratic public sphere,WHY,Other,3
WHAT,Communicative / discourse-ethics / debate management,WHY,Other,3
HOW,Self-censorship,WHY,Democratic enhancement,3
GROUP,Moderation as industrial labour,WHY,Misinformation or disinformation as harm,3
GROUP,Platform governance,HOW,Balancing,3
HOW,Balancing,WHY,Compliance,3
GROUP,Censorship,HOW,Blocking,3
HOW,Coersive,WHAT,Platform governance,3
HOW,Rating,WHY,Compliance,3
WHO,"Public-private partnerships (""free-speech triangle"")",WHY,Brand safety,3
GROUP,Moderation as industrial labour,HOW,Enframing,3
WHO,Content moderators / BPO workforces,HOW,Access restriction,3
WHO,Government agencies,WHY,Economic pressure,3
WHO,Editors,HOW,Review,3
WHO,Broadcasting regulators,HOW,Enframing,3
HOW,Disclosure,WHY,Compliance,3
GROUP,Platform governance,WHY,Alignment with human values,3
WHO,AI labs as moderators,WHAT,Platform governance,3
WHO,Users,HOW,Blocking,3
WHO,Platforms,WHY,Conflict transformation,3
HOW,Marginalisation,WHY,Conflict transformation,3
WHAT,Platform governance,WHY,Conflict transformation,3
WHO,Media owners,HOW,Review,3
HOW,Coersive,WHY,Social cohesion,3
GROUP,Moderation as industrial labour,WHY,Economic pressure,3
WHO,"Public-private partnerships (""free-speech triangle"")",HOW,Review,3
WHO,"Public-private partnerships (""free-speech triangle"")",WHY,Social cohesion,3
WHO,Media owners,HOW,Enframing,3
GROUP,Platform governance,WHO,"Schools, curricula, librarians, academia",3
WHO,Journalists,HOW,Metamoderation,3
HOW,Redirection,WHY,Harm principles and hate speech regulation,3
WHO,Users,WHY,Other,3
WHO,Debate moderators,HOW,Balancing,3
HOW,Marginalisation,WHY,Coherence,3
HOW,Review,WHY,Other,3
GROUP,Moderation as the cultivation of a democratic public sphere,WHO,Fact-checkers and verification units,3
HOW,Modification,WHAT,Communicative / discourse-ethics / debate management,3
GROUP,Moderation as the enforcement of community norms and identity,WHY,Economic pressure,3
HOW,Rating,WHY,Economic pressure,3
GROUP,Censorship,HOW,Interiorisation,3
HOW,Interiorisation,WHAT,Regulative,3
WHO,Regulators,WHY,Political control,3
HOW,Enframing,WHY,Political control,3
WHO,Civil society,HOW,Metamoderation,3
GROUP,Platform governance,WHY,Genocide prevention / dangerous speech,3
WHO,Police / intelligence services,WHY,Compliance,3
WHO,Civil society,HOW,Correcting,3
GROUP,Moderation as the cultivation of a democratic public sphere,WHO,Mediators,3
WHO,Mediators,WHY,Democratic enhancement,3
WHO,Content moderators / BPO workforces,HOW,Interiorisation,3
HOW,Interiorisation,WHY,Harm principles and hate speech regulation,3
WHO,Civil society,WHY,Compliance,3
WHO,Civil society,WHY,Protection of children,3
GROUP,Platform regulation,WHY,Genocide prevention / dangerous speech,3
WHO,Pre-platform moderators,HOW,Metamoderation,3
WHO,Pre-platform moderators,HOW,Filtering,3
HOW,Access restriction,WHY,Misinformation or disinformation as harm,3
WHO,Government agencies,HOW,Labeling,3
WHO,Self-censorship,WHY,Social cohesion,3
HOW,Profiling,WHY,Coherence,3
WHO,"Legislatures (memory laws, foreign-agent statutes)",WHAT,Communicative / discourse-ethics / debate management,3
GROUP,Automated content moderation,WHY,Alignment with human values,3
WHO,Police / intelligence services,WHY,Harm principles and hate speech regulation,3
HOW,Modification,WHAT,Platform governance,3
WHO,Debate moderators,HOW,Coherence,3
GROUP,Other,WHO,"Schools, curricula, librarians, academia",3
GROUP,Other,WHAT,Communicative / discourse-ethics / debate management,3
GROUP,Platform governance,HOW,Coherence,3
WHO,Cloud / infrastructure providers,WHY,Political control,3
GROUP,Moderation as the enforcement of community norms and identity,HOW,Blocking,3
GROUP,Platform regulation,WHO,Journalists,3
HOW,Rating,WHAT,Constitutive,3
HOW,Other,WHAT,Platform governance,3
WHO,Cloud / infrastructure providers,HOW,Removal,3
GROUP,Moderating extremism,WHO,Content moderators / BPO workforces,3
WHO,Self-censorship,WHAT,Communicative / discourse-ethics / debate management,3
HOW,Economic,WHY,Economic pressure,3
GROUP,Moderation as the enforcement of community norms and identity,WHO,"Schools, curricula, librarians, academia",3
GROUP,Censorship,WHO,Platform oversight bodies,3
HOW,Removal,WHY,Other,3
WHO,Civil society,HOW,Marginalisation,3
WHO,Civil society,HOW,Monitoring,3
WHO,Algorithmic systems,HOW,Coherence,3
HOW,Algorithmic systems,WHAT,Platform governance,3
HOW,Intermediate,WHAT,Platform governance,3
GROUP,Moderating extremism,HOW,Review,3
HOW,Inclusion,WHAT,Communicative / discourse-ethics / debate management,3
HOW,Inclusion,WHY,Democratic enhancement,3
GROUP,Moderation as the cultivation of a democratic public sphere,WHO,Courts and prosecutors,3
HOW,Self-censorship,WHY,Obscenity and decency,3
GROUP,Platform regulation,WHO,App stores,3
WHO,App stores,HOW,Marginalisation,3
WHO,App stores,WHY,Harm principles and hate speech regulation,3
GROUP,Moderation as industrial labour,WHAT,Other,3
WHO,Content moderators / BPO workforces,WHAT,Other,3
HOW,Review,WHAT,Other,3
HOW,Filtering,WHAT,Other,3
WHO,"Legislatures (memory laws, foreign-agent statutes)",HOW,Correcting,3
GROUP,Automated content moderation,WHY,Brand safety,3
WHO,Platforms,WHAT,Other,3
GROUP,Moderation as the cultivation of a democratic public sphere,WHAT,Infrastructural,3
GROUP,Moderating extremism,WHO,Payment processors / financial infrastructure,2
GROUP,Moderating extremism,WHAT,Infrastructural,2
WHO,Payment processors / financial infrastructure,WHY,Harm principles and hate speech regulation,2
HOW,Profiling,WHY,Protection of children,2
HOW,Profiling,WHY,Economic pressure,2
WHO,Media owners,WHY,Coherence,2
WHO,Legislatures,HOW,Enframing,2
WHO,Legislatures,WHY,Harm principles and hate speech regulation,2
GROUP,Moderation as the cultivation of a democratic public sphere,WHO,Other,2
WHO,Other,WHY,Democratic enhancement,2
WHO,"Public-private partnerships (""free-speech triangle"")",WHY,Compliance,2
GROUP,Censorship,WHY,Ideological consolidation,2
GROUP,Automated content moderation,WHY,Misinformation or disinformation as harm,2
GROUP,Platform governance,WHO,App stores,2
WHO,App stores,HOW,Enframing,2
WHO,App stores,WHY,Misinformation or disinformation as harm,2
HOW,Labeling,WHY,Compliance,2
GROUP,Moderation as the cultivation of a democratic public sphere,WHO,"Public-private partnerships (""free-speech triangle"")",2
WHO,"Public-private partnerships (""free-speech triangle"")",WHAT,Communicative / discourse-ethics / debate management,2
HOW,Rating,WHY,Misinformation or disinformation as harm,2
WHO,Civil society,WHY,Brand safety,2
GROUP,Moderation as the enforcement of community norms and identity,WHY,Ideological consolidation,2
WHO,Content moderators / BPO workforces,WHY,Ideological consolidation,2
HOW,Enframing,WHY,Ideological consolidation,2
HOW,Deplatforming,WHY,Ideological consolidation,2
WHO,"Legislatures (memory laws, foreign-agent statutes)",HOW,Marginalisation,2
WHO,"Legislatures (memory laws, foreign-agent statutes)",WHY,Compliance,2
WHO,Debate moderators,HOW,Prompting,2
GROUP,Censorship,WHO,"Schools, curricula, librarians, academia",2
GROUP,Censorship,WHAT,Other,2
WHO,"Schools, curricula, librarians, academia",HOW,Labeling,2
WHO,"Schools, curricula, librarians, academia",WHY,Other,2
HOW,Labeling,WHY,Other,2
WHAT,Other,WHY,Other,2
WHO,Content moderators / BPO workforces,HOW,Self-censorship,2
WHO,Editors,WHY,Brand safety,2
WHO,Advertisers,HOW,Marginalisation,2
WHO,"Legislatures (memory laws, foreign-agent statutes)",HOW,Enframing,2
WHO,"Legislatures (memory laws, foreign-agent statutes)",WHY,Harm principles and hate speech regulation,2
WHO,AI labs as moderators,HOW,Filtering,2
WHO,AI labs as moderators,WHY,Harm principles and hate speech regulation,2
GROUP,Other,WHO,Users,2
GROUP,Other,HOW,Monitoring,2
GROUP,Other,WHY,Social cohesion,2
GROUP,Other,WHY,Protection of children,2
WHO,Users,HOW,Monitoring,2
WHO,Media owners,HOW,Removal,2
HOW,Metamoderation,WHY,Political control,2
WHO,Fact-checkers and verification units,WHY,Social cohesion,2
HOW,Blocking,WHY,Brand safety,2
GROUP,Other,HOW,Enframing,2
HOW,Intermediate,WHY,Social cohesion,2
GROUP,Other,WHY,Misinformation or disinformation as harm,2
WHO,Platform oversight bodies,WHY,Clear and present danger,2
HOW,Review,WHY,Clear and present danger,2
WHO,Government agencies,WHY,Brand safety,2
HOW,Redirection,WHY,Political control,2
WHO,"Schools, curricula, librarians, academia",HOW,Redirection,2
GROUP,Platform regulation,WHY,Clear and present danger,2
WHO,"Legislatures (memory laws, foreign-agent statutes)",HOW,Filtering,2
HOW,Coherence,WHY,Other,2
GROUP,Platform regulation,HOW,Self-censorship,2
HOW,Intermediate,WHAT,Regulative,2
HOW,Intelligibility,WHAT,Regulative,2
HOW,Intelligibility,WHY,Democratic enhancement,2
WHO,Advertisers,HOW,Correcting,2
WHO,Users,HOW,Economic,2
HOW,Self-censorship,WHY,Other,2
HOW,Marginalisation,WHY,Other,2
HOW,Interiorisation,WHY,Democratic enhancement,2
WHO,Fact-checkers and verification units,WHY,Compliance,2
GROUP,Moderating extremism,WHO,Civil society,2
WHO,Civil society,HOW,Redirection,2
WHO,Civil society,WHY,State security,2
GROUP,Platform governance,HOW,Disclosure,2
GROUP,Censorship,HOW,Algorithmic systems,2
HOW,Algorithmic systems,WHY,Harm principles and hate speech regulation,2
HOW,Coersive,WHY,State security,2
WHAT,Infrastructural,WHY,State security,2
GROUP,Moderation as the cultivation of a democratic public sphere,WHO,Political groups,2
WHO,Political groups,HOW,Filtering,2
WHO,Political groups,WHAT,Regulative,2
WHO,Political groups,WHAT,Communicative / discourse-ethics / debate management,2
GROUP,Automated content moderation,WHY,Coherence,2
GROUP,Censorship,WHO,Media owners,2
WHO,Government agencies,WHY,Ideological consolidation,2
HOW,Marginalisation,WHY,Ideological consolidation,2
WHAT,Constitutive,WHY,Political control,2
WHO,Broadcasting regulators,HOW,Review,2
WHO,Broadcasting regulators,WHY,Social cohesion,2
WHO,Broadcasting regulators,WHY,Democratic enhancement,2
WHO,Pre-platform moderators,HOW,Removal,2
WHO,Courts and prosecutors,HOW,Disclosure,2
GROUP,Platform governance,WHO,AI labs as moderators,2
WHO,AI labs as moderators,WHY,Alignment with human values,2
WHAT,Communicative / discourse-ethics / debate management,WHY,Alignment with human values,2
HOW,Disclosure,WHY,Protection of children,2
GROUP,Platform governance,WHY,Conflict transformation,2
WHO,Media owners,HOW,Rating,2
GROUP,Moderating extremism,HOW,Correcting,2
GROUP,Moderating extremism,WHY,Democratic enhancement,2
GROUP,Compliance,HOW,Review,2
GROUP,Compliance,HOW,Marginalisation,2
WHO,Online mobs / pile-ons,HOW,Coersive,2
WHO,Online mobs / pile-ons,HOW,Self-censorship,2
WHO,Online mobs / pile-ons,WHAT,Regulative,2
GROUP,Automated content moderation,HOW,Profiling,2
GROUP,Platform governance,WHO,Media owners,2
WHO,Content moderators / BPO workforces,HOW,Economic,2
WHO,Public-private partnerships,WHAT,Platform governance,2
WHO,"Schools, curricula, librarians, academia",WHY,Compliance,2
WHO,"Schools, curricula, librarians, academia",WHY,Economic pressure,2
GROUP,Platform governance,HOW,Redirection,2
GROUP,Moderating extremism,HOW,Monitoring,2
WHO,Cloud / infrastructure providers,HOW,Metamoderation,2
HOW,Balancing,WHY,Coherence,2
WHO,Civil society,HOW,Balancing,2
GROUP,Platform governance,WHO,Self-censorship,2
WHO,Editors,WHAT,Platform governance,2
WHO,Journalists,WHY,Misinformation or disinformation as harm,2
WHO,Content moderators / BPO workforces,HOW,Balancing,2
HOW,Balancing,WHY,Brand safety,2
WHO,Debate moderators,WHAT,Regulative,2
WHO,Political groups,WHY,Social cohesion,2
GROUP,Platform regulation,WHO,Censorship boards or agencies,2
WHO,Censorship boards or agencies,WHAT,Regulative,2
WHO,Regulators,HOW,Coersive,2
HOW,Coersive,WHAT,Communicative / discourse-ethics / debate management,2
HOW,Correcting,WHY,Economic pressure,2
GROUP,Moderation as the cultivation of a democratic public sphere,WHY,Genocide prevention / dangerous speech,2
HOW,Enframing,WHY,Genocide prevention / dangerous speech,2
HOW,Profiling,WHY,Compliance,2
GROUP,Platform regulation,HOW,Other,2
HOW,Other,WHAT,Regulative,2
HOW,Other,WHY,Democratic enhancement,2
HOW,Deplatforming,WHY,Genocide prevention / dangerous speech,2
WHO,Police / intelligence services,WHY,Brand safety,2
GROUP,Other,WHY,Brand safety,2
GROUP,Moderation as the cultivation of a democratic public sphere,WHY,Political control,2
WHO,Regulators,HOW,Rating,2
WHO,Platform oversight bodies,WHY,Genocide prevention / dangerous speech,2
GROUP,Censorship,WHO,Pre-platform moderators,2
WHO,Pre-platform moderators,WHAT,Platform governance,2
WHO,Police / intelligence services,HOW,Review,2
WHO,Police / intelligence services,HOW,Enframing,2
WHO,Police / intelligence services,WHY,Social cohesion,2
HOW,Deplatforming,WHY,Obscenity and decency,2
HOW,Labeling,WHY,Genocide prevention / dangerous speech,2
GROUP,Censorship,HOW,Coersive,2
WHO,Self-censorship,HOW,Coersive,2
GROUP,Censorship,WHY,Coherence,2
GROUP,Platform regulation,WHO,Broadcasting regulators,2
WHO,Broadcasting regulators,WHAT,Platform governance,2
WHO,Broadcasting regulators,WHY,Protection of children,2
GROUP,Automated content moderation,WHAT,Regulative,2
HOW,Filtering,WHY,Alignment with human values,2
HOW,Interiorisation,WHY,Compliance,2
HOW,Interiorisation,WHY,Alignment with human values,2
GROUP,Platform regulation,HOW,Modification,2
WHO,"Schools, curricula, librarians, academia",WHY,Protection of children,2
WHO,"Schools, curricula, librarians, academia",WHY,Brand safety,2
WHO,Media owners,HOW,Deplatforming,2
GROUP,Moderation as industrial labour,WHY,Other,2
WHO,Content moderators / BPO workforces,WHY,Other,2
WHO,Content moderators / BPO workforces,WHY,State security,2
WHO,Users,WHY,State security,2
GROUP,Moderation as the cultivation of a democratic public sphere,HOW,Interiorisation,2
HOW,Interiorisation,WHY,Coherence,2
WHO,Regulators,HOW,Balancing,2
GROUP,Platform governance,WHO,Pre-platform moderators,2
GROUP,Moderation as the enforcement of community norms and identity,WHAT,Infrastructural,2
WHO,"Public-private partnerships (""free-speech triangle"")",WHY,Misinformation or disinformation as harm,2
GROUP,Moderating extremism,WHY,Misinformation or disinformation as harm,2
WHO,Journalists,HOW,Monitoring,2
GROUP,Censorship,HOW,Removal from circulation,2
HOW,Removal from circulation,WHAT,Regulative,2
WHAT,Constitutive,WHY,Democratic enhancement,2
WHO,Platform oversight bodies,WHY,Economic pressure,2
WHO,"Public-private partnerships (""free-speech triangle"")",WHY,Harm principles and hate speech regulation,2
WHO,Algorithmic systems,WHAT,Constitutive,2
WHO,Platform oversight bodies,HOW,Labeling,2
WHO,Courts and prosecutors,HOW,Removal from circulation,2
GROUP,Platform governance,HOW,Other,2
HOW,Other,WHY,Misinformation or disinformation as harm,2
WHO,Users,HOW,Profiling,2
GROUP,Other,HOW,Disclosure,2
GROUP,Other,HOW,Removal,2
GROUP,Other,WHY,Compliance,2
WHO,Users,WHAT,Infrastructural,2
HOW,Blocking,WHY,Political control,2
HOW,Modification,WHAT,Regulative,2
WHO,Self-censorship,WHY,Economic pressure,2
HOW,Agenda setting,WHY,Social cohesion,2
GROUP,Moderating extremism,WHO,"Public-private partnerships (""free-speech triangle"")",2
WHO,"Public-private partnerships (""free-speech triangle"")",HOW,Deplatforming,2
WHO,Self-censorship,WHAT,Constitutive,2
HOW,Self-censorship,WHAT,Constitutive,2
WHO,Journalists,WHY,Obscenity and decency,2
WHO,Self-censorship,WHY,Coherence,2
GROUP,Platform regulation,WHO,Other,2
WHO,Other,WHAT,Regulative,2
WHO,Algorithmic systems,WHY,Ideological consolidation,2
WHO,Self-censorship,WHY,Brand safety,2
WHO,Cloud / infrastructure providers,WHY,Obscenity and decency,2
GROUP,Other,HOW,Marginalisation,2
GROUP,Compliance,HOW,Removal,2
GROUP,Moderation as the enforcement of community norms and identity,WHO,Editors,2
WHO,Platform oversight bodies,WHY,Obscenity and decency,2
HOW,Bridging,WHY,Compliance,2
WHO,Online mobs / pile-ons,WHY,Harm principles and hate speech regulation,2
WHO,Police / intelligence services,HOW,Monitoring,2
WHO,Police / intelligence services,HOW,Disclosure,2
WHO,Police / intelligence services,WHY,State security,2
HOW,Disclosure,WHY,State security,2
WHO,Courts and prosecutors,HOW,Economic,2
WHO,Courts and prosecutors,WHY,Obscenity and decency,2
GROUP,Moderation as the cultivation of a democratic public sphere,HOW,Access restriction,2
WHO,Other,WHAT,Platform governance,2
HOW,Coherence,WHAT,Platform governance,2
GROUP,Moderation as the enforcement of community norms and identity,WHY,Other,2
WHO,Government agencies,WHY,Other,2
WHO,Regulators,HOW,Algorithmic systems,2
WHO,Platforms,HOW,Intermediate,2
GROUP,Platform regulation,WHO,"Schools, curricula, librarians, academia",2
HOW,Labeling,WHY,Economic pressure,2
GROUP,Platform regulation,WHO,Private firms,2
GROUP,Platform regulation,WHY,Other,2
WHO,Self-censorship,HOW,Redirection,2
WHO,Algorithmic systems,WHAT,Other,2
HOW,Algorithmic systems,WHY,Compliance,2
WHO,Pre-platform moderators,HOW,Review,2
GROUP,Moderation as the cultivation of a democratic public sphere,WHO,Self-censorship,2
WHO,Self-censorship,WHY,Harm principles and hate speech regulation,2
HOW,Coersive,WHY,Harm principles and hate speech regulation,2
WHO,Pre-platform moderators,WHY,Harm principles and hate speech regulation,2
HOW,Labeling,WHY,Obscenity and decency,2
GROUP,Platform governance,HOW,Intermediate,2
WHO,Regulators,HOW,Blocking,2
HOW,Algorithmic systems,WHY,State security,2
WHO,Mediators,HOW,Bridging,2
WHO,Mediators,HOW,Marginalisation,2
WHO,Mediators,WHAT,Platform governance,2
HOW,Bridging,WHY,Conflict transformation,2
WHAT,Communicative / discourse-ethics / debate management,WHY,Conflict transformation,2
GROUP,Moderation as the cultivation of a democratic public sphere,WHY,Ideological consolidation,2
HOW,Rating,WHY,Obscenity and decency,2
GROUP,Platform regulation,WHO,Debate moderators,2
WHO,Debate moderators,HOW,Removal,2
WHO,Debate moderators,WHAT,Platform governance,2
WHO,Debate moderators,WHY,State security,2
WHO,Platform oversight bodies,HOW,Correcting,2
GROUP,Moderation as industrial labour,HOW,Monitoring,2
WHO,Government agencies,HOW,Disclosure,2
HOW,Economic,WHY,State security,2
GROUP,Moderation as industrial labour,WHY,Social cohesion,2
GROUP,Censorship,WHO,"Legislatures (memory laws, foreign-agent statutes)",2
HOW,Metamoderation,WHY,Economic pressure,2
GROUP,Censorship,WHO,Editors,2
HOW,Disclosure,WHY,Democratic enhancement,2
GROUP,Platform regulation,HOW,Inclusion,2
WHO,Platforms,HOW,Inclusion,2
GROUP,Censorship,WHY,Clear and present danger,2
WHO,Regulators,WHY,Clear and present danger,2
WHO,App stores,WHY,Brand safety,2
WHO,App stores,WHY,Democratic enhancement,2
WHAT,Communicative / discourse-ethics / debate management,WHY,Economic pressure,2
GROUP,Moderation as the enforcement of community norms and identity,WHO,Journalists,2
WHAT,Other,WHY,Social cohesion,2
HOW,Profiling,WHY,State security,2
GROUP,Moderation as industrial labour,WHAT,Communicative / discourse-ethics / debate management,2
WHO,Cloud / infrastructure providers,HOW,Profiling,1
WHO,Cloud / infrastructure providers,HOW,Review,1
WHO,Legislatures,WHY,Social cohesion,1
GROUP,Moderation as the cultivation of a democratic public sphere,HOW,Profiling,1
WHO,Journalists,HOW,Profiling,1
GROUP,Censorship,HOW,Balancing,1
HOW,Blocking,WHY,State security,1
GROUP,Moderation as industrial labour,WHO,Government agencies,1
GROUP,Moderation as industrial labour,HOW,Blocking,1
WHO,Payment processors / financial infrastructure,WHY,Social cohesion,1
GROUP,Automated content moderation,WHO,Fact-checkers and verification units,1
GROUP,Automated content moderation,HOW,Correcting,1
GROUP,Automated content moderation,HOW,Labeling,1
WHO,App stores,HOW,Labeling,1
WHO,"Public-private partnerships (""free-speech triangle"")",HOW,Enframing,1
WHO,"Public-private partnerships (""free-speech triangle"")",WHY,Coherence,1
WHO,Civil society,HOW,Economic,1
WHO,Civil society,HOW,Deplatforming,1
WHO,Civil society,WHAT,Infrastructural,1
WHO,Users,WHY,Ideological consolidation,1
GROUP,Platform governance,WHO,"Legislatures (memory laws, foreign-agent statutes)",1
WHO,"Legislatures (memory laws, foreign-agent statutes)",HOW,Self-censorship,1
GROUP,Censorship,HOW,Rating,1
WHO,"Schools, curricula, librarians, academia",HOW,Rating,1
WHO,"Schools, curricula, librarians, academia",WHAT,Other,1
HOW,Labeling,WHAT,Other,1
HOW,Rating,WHAT,Other,1
HOW,Rating,WHY,Other,1
WHO,Editors,HOW,Self-censorship,1
WHO,Editors,WHY,Compliance,1
HOW,Intermediate,WHY,Brand safety,1
GROUP,Moderation as the enforcement of community norms and identity,WHO,Advertisers,1
WHO,Advertisers,HOW,Deplatforming,1
WHO,Advertisers,WHAT,Regulative,1
WHO,Journalists,HOW,Prompting,1
HOW,Prompting,WHAT,Regulative,1
GROUP,Other,WHO,AI labs as moderators,1
WHO,AI labs as moderators,WHAT,Regulative,1
WHO,Editors,HOW,Correcting,1
WHO,Government agencies,HOW,Coherence,1
GROUP,Other,WHO,Cloud / infrastructure providers,1
GROUP,Other,WHAT,Infrastructural,1
GROUP,Other,WHY,Economic pressure,1
GROUP,Other,HOW,Interiorisation,1
HOW,Interiorisation,WHY,Protection of children,1
HOW,Interiorisation,WHY,Misinformation or disinformation as harm,1
GROUP,Moderating extremism,WHO,Other,1
GROUP,Moderating extremism,WHO,"Schools, curricula, librarians, academia",1
GROUP,Moderating extremism,HOW,Enframing,1
WHO,Other,HOW,Redirection,1
WHO,Other,WHY,State security,1
WHO,"Schools, curricula, librarians, academia",WHY,State security,1
WHO,"Legislatures (memory laws, foreign-agent statutes)",HOW,Deplatforming,1
WHO,"Legislatures (memory laws, foreign-agent statutes)",WHY,Clear and present danger,1
WHO,Content moderators / BPO workforces,HOW,Agenda setting,1
WHO,Pre-platform moderators,WHY,Other,1
HOW,Prompting,WHY,Other,1
WHO,Courts and prosecutors,HOW,Self-censorship,1
GROUP,Moderation as the cultivation of a democratic public sphere,HOW,Intelligibility,1
WHO,Content moderators / BPO workforces,HOW,Intelligibility,1
WHO,Algorithmic systems,HOW,Intermediate,1
WHO,Algorithmic systems,HOW,Intelligibility,1
HOW,Intelligibility,WHAT,Communicative / discourse-ethics / debate management,1
HOW,Intelligibility,WHY,Social cohesion,1
GROUP,Censorship,WHO,Advertisers,1
WHO,Advertisers,HOW,Economic,1
WHO,Advertisers,WHAT,Communicative / discourse-ethics / debate management,1
WHO,Advertisers,WHY,Social cohesion,1
HOW,Metamoderation,WHY,Clear and present danger,1
GROUP,Moderation as industrial labour,WHO,Regulators,1
GROUP,Moderation as industrial labour,HOW,Labeling,1
WHO,Fact-checkers and verification units,HOW,Balancing,1
WHO,Editors,HOW,Prompting,1
WHO,Courts and prosecutors,HOW,Algorithmic systems,1
HOW,Algorithmic systems,WHAT,Communicative / discourse-ethics / debate management,1
HOW,Prompting,WHAT,Platform governance,1
GROUP,Platform governance,HOW,Coersive,1
HOW,Coersive,WHAT,Infrastructural,1
GROUP,Automated content moderation,WHO,Users,1
GROUP,Automated content moderation,HOW,Rating,1
WHO,Political groups,WHY,Brand safety,1
WHO,Political groups,WHY,Democratic enhancement,1
WHO,"Public-private partnerships (""free-speech triangle"")",HOW,Access restriction,1
WHO,"Public-private partnerships (""free-speech triangle"")",WHAT,Infrastructural,1
HOW,Profiling,WHY,Obscenity and decency,1
WHO,Government agencies,WHAT,Constitutive,1
HOW,Removal,WHY,Ideological consolidation,1
WHAT,Constitutive,WHY,Ideological consolidation,1
GROUP,Moderation as the cultivation of a democratic public sphere,WHO,Broadcasting regulators,1
WHO,Broadcasting regulators,WHAT,Communicative / discourse-ethics / debate management,1
WHO,AI labs as moderators,HOW,Marginalisation,1
WHO,AI labs as moderators,HOW,Rating,1
WHO,AI labs as moderators,WHAT,Communicative / discourse-ethics / debate management,1
WHO,AI labs as moderators,WHY,Democratic enhancement,1
HOW,Marginalisation,WHY,Alignment with human values,1
HOW,Rating,WHY,Alignment with human values,1
WHO,Users,HOW,Disclosure,1
HOW,Disclosure,WHY,Misinformation or disinformation as harm,1
WHO,Users,WHY,Conflict transformation,1
HOW,Blocking,WHY,Conflict transformation,1
GROUP,Platform governance,WHO,Advertisers,1
WHO,Advertisers,WHY,Misinformation or disinformation as harm,1
GROUP,Moderating extremism,HOW,Balancing,1
GROUP,Platform regulation,WHO,Police / law enforcement agencies,1
WHO,Police / law enforcement agencies,HOW,Review,1
WHO,Police / law enforcement agencies,HOW,Monitoring,1
WHO,Police / law enforcement agencies,WHAT,Regulative,1
WHO,Police / law enforcement agencies,WHAT,Platform governance,1
WHO,Police / law enforcement agencies,WHY,State security,1
WHO,Police / law enforcement agencies,WHY,Harm principles and hate speech regulation,1
GROUP,Compliance,WHO,Regulators,1
GROUP,Compliance,WHAT,Communicative / discourse-ethics / debate management,1
GROUP,Compliance,WHY,Democratic enhancement,1
GROUP,Moderation as the enforcement of community norms and identity,WHO,Online mobs / pile-ons,1
GROUP,Moderation as the enforcement of community norms and identity,HOW,Coersive,1
GROUP,Moderation as the enforcement of community norms and identity,HOW,Self-censorship,1
GROUP,Moderation as the enforcement of community norms and identity,WHY,Political control,1
WHO,Online mobs / pile-ons,WHY,Social cohesion,1
WHO,Online mobs / pile-ons,WHY,Political control,1
WHO,Media owners,WHY,Misinformation or disinformation as harm,1
WHO,AI labs as moderators,HOW,Labeling,1
WHO,AI labs as moderators,HOW,Removal,1
WHO,AI labs as moderators,WHY,Misinformation or disinformation as harm,1
GROUP,Moderation as the enforcement of community norms and identity,HOW,Economic,1
HOW,Economic,WHY,Coherence,1
GROUP,Platform regulation,WHO,Public-private partnerships,1
WHO,Public-private partnerships,HOW,Metamoderation,1
WHO,Public-private partnerships,HOW,Correcting,1
WHO,Public-private partnerships,WHY,Misinformation or disinformation as harm,1
WHO,Public-private partnerships,WHY,Democratic enhancement,1
WHO,Government agencies,WHY,Obscenity and decency,1
WHO,"Schools, curricula, librarians, academia",HOW,Removal,1
GROUP,Platform governance,WHO,Legislatures,1
WHO,Legislatures,HOW,Economic,1
WHO,Legislatures,WHAT,Infrastructural,1
WHO,Legislatures,WHY,Compliance,1
WHO,Legislatures,WHY,Brand safety,1
WHO,Journalists,HOW,Economic,1
WHO,"Legislatures (memory laws, foreign-agent statutes)",HOW,Economic,1
WHO,App stores,HOW,Metamoderation,1
WHO,App stores,HOW,Economic,1
HOW,Deplatforming,WHY,Other,1
WHO,Debate moderators,HOW,Rating,1
WHO,Self-censorship,WHY,Misinformation or disinformation as harm,1
HOW,Self-censorship,WHY,Misinformation or disinformation as harm,1
GROUP,Platform governance,WHO,Editors,1
WHO,Editors,WHY,Other,1
GROUP,Moderation as the cultivation of a democratic public sphere,HOW,Modification,1
WHO,Fact-checkers and verification units,HOW,Modification,1
WHO,Journalists,HOW,Modification,1
WHO,Fact-checkers and verification units,WHY,Coherence,1
HOW,Modification,WHY,Misinformation or disinformation as harm,1
HOW,Modification,WHY,Coherence,1
WHO,Regulators,HOW,Access restriction,1
GROUP,Censorship,WHO,Political groups,1
WHO,Political groups,HOW,Access restriction,1
WHO,Political groups,HOW,Monitoring,1
WHO,Political groups,WHAT,Infrastructural,1
WHO,Political groups,WHY,Political control,1
HOW,Interiorisation,WHY,Economic pressure,1
HOW,Interiorisation,WHY,Brand safety,1
GROUP,Moderation as the cultivation of a democratic public sphere,HOW,Obfuscation,1
WHO,Content moderators / BPO workforces,HOW,Obfuscation,1
WHO,Users,HOW,Obfuscation,1
HOW,Obfuscation,WHAT,Communicative / discourse-ethics / debate management,1
HOW,Obfuscation,WHAT,Platform governance,1
HOW,Obfuscation,WHY,Social cohesion,1
HOW,Obfuscation,WHY,Coherence,1
WHO,Censorship boards or agencies,HOW,Marginalisation,1
WHO,Censorship boards or agencies,HOW,Filtering,1
WHO,Censorship boards or agencies,WHAT,Platform governance,1
WHO,Censorship boards or agencies,WHY,Compliance,1
WHO,Censorship boards or agencies,WHY,Harm principles and hate speech regulation,1
WHO,Legislatures,WHY,Democratic enhancement,1
WHO,Government agencies,HOW,Prompting,1
HOW,Bridging,WHY,Economic pressure,1
WHO,Users,WHY,Genocide prevention / dangerous speech,1
HOW,Bridging,WHY,Genocide prevention / dangerous speech,1
WHAT,Communicative / discourse-ethics / debate management,WHY,Genocide prevention / dangerous speech,1
WHO,Regulators,HOW,Other,1
HOW,Other,WHY,Compliance,1
WHO,Content moderators / BPO workforces,WHY,Genocide prevention / dangerous speech,1
HOW,Filtering,WHY,Genocide prevention / dangerous speech,1
GROUP,Moderation as industrial labour,WHY,Alignment with human values,1
WHO,Content moderators / BPO workforces,WHY,Alignment with human values,1
GROUP,Censorship,WHO,Police / intelligence services,1
WHO,Police / intelligence services,HOW,Marginalisation,1
WHO,Civil society,HOW,Prompting,1
HOW,Prompting,WHY,Harm principles and hate speech regulation,1
WHO,Mediators,HOW,Filtering,1
WHO,Mediators,HOW,Enframing,1
WHO,Mediators,WHY,Political control,1
WHO,Civil society,HOW,Rating,1
HOW,Review,WHY,Genocide prevention / dangerous speech,1
HOW,Metamoderation,WHY,Genocide prevention / dangerous speech,1
GROUP,Moderation as the cultivation of a democratic public sphere,WHO,Police / intelligence services,1
WHO,Police / intelligence services,WHAT,Communicative / discourse-ethics / debate management,1
WHO,Police / intelligence services,WHY,Coherence,1
HOW,Access restriction,WHY,Genocide prevention / dangerous speech,1
HOW,Access restriction,WHY,State security,1
WHAT,Infrastructural,WHY,Genocide prevention / dangerous speech,1
WHO,Users,HOW,Access restriction,1
HOW,Access restriction,WHY,Obscenity and decency,1
WHO,Pre-platform moderators,HOW,Profiling,1
WHO,Broadcasting regulators,HOW,Filtering,1
GROUP,Automated content moderation,HOW,Interiorisation,1
WHAT,Regulative,WHY,Alignment with human values,1
WHO,Civil society,WHY,Economic pressure,1
WHO,Police / intelligence services,WHY,Economic pressure,1
WHO,Media owners,WHY,Political control,1
GROUP,Platform regulation,WHO,Advertisers,1
WHO,Advertisers,HOW,Modification,1
WHO,Advertisers,HOW,Balancing,1
HOW,Modification,WHY,Brand safety,1
HOW,Labeling,WHY,Protection of children,1
HOW,Correcting,WHY,State security,1
GROUP,Moderation as industrial labour,HOW,Modification,1
WHO,Content moderators / BPO workforces,HOW,Modification,1
WHO,Algorithmic systems,HOW,Modification,1
HOW,Modification,WHY,Compliance,1
GROUP,Platform regulation,HOW,Confiscation,1
WHO,Courts and prosecutors,HOW,Confiscation,1
HOW,Confiscation,WHAT,Regulative,1
HOW,Confiscation,WHY,Brand safety,1
GROUP,Other,WHY,Democratic enhancement,1
WHO,"Schools, curricula, librarians, academia",HOW,Monitoring,1
WHO,Algorithmic systems,HOW,Access restriction,1
GROUP,Moderation as industrial labour,WHAT,Censorship,1
WHO,Content moderators / BPO workforces,WHAT,Censorship,1
WHO,Algorithmic systems,WHAT,Censorship,1
HOW,Review,WHAT,Censorship,1
HOW,Filtering,WHAT,Censorship,1
WHAT,Censorship,WHY,Brand safety,1
WHAT,Censorship,WHY,Harm principles and hate speech regulation,1
HOW,Metamoderation,WHY,State security,1
WHO,Courts and prosecutors,WHY,State security,1
HOW,Balancing,WHY,State security,1
WHO,Platform oversight bodies,HOW,Balancing,1
WHO,Media owners,WHAT,Platform governance,1
WHO,Media owners,WHY,Economic pressure,1
GROUP,Platform governance,HOW,Removal from circulation,1
WHO,Government agencies,HOW,Removal from circulation,1
HOW,Removal from circulation,WHAT,Infrastructural,1
HOW,Removal from circulation,WHY,Social cohesion,1
HOW,Removal from circulation,WHY,Political control,1
WHO,Users,WHY,Alignment with human values,1
HOW,Metamoderation,WHY,Alignment with human values,1
HOW,Enframing,WHY,Alignment with human values,1
WHO,Legislatures,WHY,Misinformation or disinformation as harm,1
WHO,Journalists,WHY,Political control,1
WHO,Regulators,HOW,Removal from circulation,1
HOW,Removal from circulation,WHY,Compliance,1
HOW,Removal from circulation,WHY,Protection of children,1
HOW,Prompting,WHY,Brand safety,1
GROUP,Other,HOW,Redirection,1
HOW,Redirection,WHY,Coherence,1
GROUP,Moderation as the cultivation of a democratic public sphere,WHY,Protection of children,1
WHO,"Public-private partnerships (""free-speech triangle"")",WHY,Protection of children,1
WHAT,Constitutive,WHY,Economic pressure,1
HOW,Profiling,WHY,Alignment with human values,1
HOW,Removal from circulation,WHY,Democratic enhancement,1
HOW,Removal from circulation,WHY,Harm principles and hate speech regulation,1
HOW,Other,WHY,Harm principles and hate speech regulation,1
WHO,"Legislatures (memory laws, foreign-agent statutes)",WHY,Protection of children,1
HOW,Blocking,WHY,Coherence,1
WHO,Algorithmic systems,HOW,Disclosure,1
WHO,Debate moderators,HOW,Review,1
GROUP,Automated content moderation,HOW,Monitoring,1
GROUP,Platform governance,WHO,Police / intelligence services,1
WHO,Police / intelligence services,HOW,Deplatforming,1
GROUP,Platform governance,HOW,Modification,1
WHO,"Schools, curricula, librarians, academia",HOW,Modification,1
HOW,Modification,WHY,Social cohesion,1
WHO,Users,WHY,Political control,1
HOW,Rating,WHY,Political control,1
WHO,Regulators,WHY,Obscenity and decency,1
WHO,Self-censorship,WHAT,Platform governance,1
WHO,Media owners,HOW,Agenda setting,1
WHO,Users,HOW,Agenda setting,1
WHO,Police / intelligence services,HOW,Blocking,1
WHO,Police / intelligence services,HOW,Rating,1
WHO,"Public-private partnerships (""free-speech triangle"")",HOW,Redirection,1
HOW,Access restriction,WHY,Economic pressure,1
WHAT,Communicative / discourse-ethics / debate management,WHY,Obscenity and decency,1
WHO,Mediators,HOW,Balancing,1
WHO,Government agencies,HOW,Balancing,1
WHO,Self-censorship,HOW,Interiorisation,1
HOW,Self-censorship,WHY,Coherence,1
WHO,Pre-platform moderators,HOW,Monitoring,1
GROUP,Censorship,HOW,Modification,1
GROUP,Moderation as the cultivation of a democratic public sphere,HOW,Blocking,1
WHO,Journalists,HOW,Blocking,1
WHO,Debate moderators,WHY,Other,1
WHO,Other,HOW,Monitoring,1
WHO,Other,HOW,Removal,1
WHO,Other,WHY,Harm principles and hate speech regulation,1
GROUP,Platform regulation,WHO,Self-censorship,1
WHO,Self-censorship,HOW,Filtering,1
GROUP,Platform regulation,HOW,Interiorisation,1
HOW,Interiorisation,WHAT,Constitutive,1
GROUP,Censorship,WHO,Cloud / infrastructure providers,1
GROUP,Other,HOW,Prompting,1
WHO,Algorithmic systems,HOW,Prompting,1
WHO,"Legislatures (memory laws, foreign-agent statutes)",HOW,Labeling,1
WHO,"Legislatures (memory laws, foreign-agent statutes)",HOW,Monitoring,1
WHO,"Schools, curricula, librarians, academia",HOW,Bridging,1
HOW,Disclosure,WHAT,Infrastructural,1
HOW,Disclosure,WHY,Brand safety,1
WHAT,Infrastructural,WHY,Coherence,1
GROUP,Compliance,WHO,Algorithmic systems,1
GROUP,Compliance,HOW,Filtering,1
GROUP,Compliance,WHAT,Regulative,1
GROUP,Compliance,WHY,Economic pressure,1
WHO,Political groups,HOW,Marginalisation,1
WHO,Fact-checkers and verification units,HOW,Economic,1
GROUP,Platform governance,HOW,Moderating powers,1
WHO,Content moderators / BPO workforces,HOW,Moderating powers,1
HOW,Moderating powers,WHAT,Communicative / discourse-ethics / debate management,1
HOW,Moderating powers,WHY,Social cohesion,1
GROUP,Censorship,WHO,Online mobs / pile-ons,1
WHO,Online mobs / pile-ons,HOW,Economic,1
WHO,Online mobs / pile-ons,HOW,Deplatforming,1
WHO,"Schools, curricula, librarians, academia",HOW,Economic,1
WHO,"Schools, curricula, librarians, academia",HOW,Deplatforming,1
WHO,"Public-private partnerships (""free-speech triangle"")",HOW,Monitoring,1
WHO,Civil society,WHAT,Constitutive,1
WHAT,Constitutive,WHY,Misinformation or disinformation as harm,1
WHO,Government agencies,HOW,Intermediate,1
HOW,Economic,WHY,Obscenity and decency,1
HOW,Access restriction,WHAT,Communicative / discourse-ethics / debate management,1
HOW,Balancing,WHY,Protection of children,1
WHO,Other,HOW,Other,1
WHO,Other,HOW,Filtering,1
WHO,Other,WHY,Misinformation or disinformation as harm,1
WHO,Regulators,HOW,Bridging,1
HOW,Bridging,WHAT,Infrastructural,1
GROUP,Moderation as the enforcement of community norms and identity,WHO,Government agencies,1
HOW,Metamoderation,WHY,Other,1
GROUP,Platform regulation,HOW,Algorithmic systems,1
HOW,Algorithmic systems,WHY,Economic pressure,1
GROUP,Platform regulation,WHY,Wartime necessity,1
WHO,Platforms,WHY,Wartime necessity,1
WHAT,Platform governance,WHY,Wartime necessity,1
GROUP,Platform governance,WHO,Payment processors / financial infrastructure,1
WHO,Payment processors / financial infrastructure,HOW,Marginalisation,1
WHO,Payment processors / financial infrastructure,WHY,Misinformation or disinformation as harm,1
GROUP,Compliance,WHY,Harm principles and hate speech regulation,1
GROUP,Moderation as industrial labour,WHY,Obscenity and decency,1
WHAT,Constitutive,WHY,Protection of children,1
GROUP,Platform governance,WHO,Political groups,1
WHO,Political groups,WHAT,Platform governance,1
GROUP,Moderating extremism,WHO,Fact-checkers and verification units,1
GROUP,Moderation as the cultivation of a democratic public sphere,HOW,Disclosure,1
GROUP,Moderation as the enforcement of community norms and identity,HOW,Bridging,1
WHO,"Schools, curricula, librarians, academia",WHAT,Infrastructural,1
WHO,Private firms,HOW,Economic,1
WHO,Private firms,HOW,Removal,1
WHO,Private firms,WHAT,Regulative,1
WHO,Private firms,WHY,Economic pressure,1
WHO,Private firms,WHY,Political control,1
WHO,Police / intelligence services,WHY,Protection of children,1
WHO,Police / intelligence services,WHY,Other,1
HOW,Disclosure,WHY,Other,1
WHO,Content moderators / BPO workforces,HOW,Redirection,1
WHO,Platform oversight bodies,HOW,Redirection,1
WHO,Platform oversight bodies,HOW,Self-censorship,1
HOW,Redirection,WHY,Economic pressure,1
WHO,Self-censorship,WHAT,Other,1
WHO,Self-censorship,WHY,Other,1
HOW,Redirection,WHAT,Other,1
HOW,Self-censorship,WHAT,Other,1
HOW,Redirection,WHY,Other,1
GROUP,Platform governance,HOW,Algorithmic systems,1
WHO,Content moderators / BPO workforces,HOW,Algorithmic systems,1
GROUP,Platform governance,HOW,Intelligibility,1
WHO,Platforms,HOW,Intelligibility,1
WHO,Users,HOW,Intelligibility,1
HOW,Intelligibility,WHAT,Platform governance,1
HOW,Intelligibility,WHY,Harm principles and hate speech regulation,1
GROUP,Platform regulation,WHO,Pre-platform moderators,1
WHO,Pre-platform moderators,WHY,Obscenity and decency,1
WHO,Pre-platform moderators,WHY,Protection of children,1
HOW,Correcting,WHY,Other,1
GROUP,Moderation as the cultivation of a democratic public sphere,WHO,Online mobs / pile-ons,1
GROUP,Moderation as the cultivation of a democratic public sphere,HOW,Coersive,1
WHO,Online mobs / pile-ons,WHAT,Communicative / discourse-ethics / debate management,1
GROUP,Moderation as the cultivation of a democratic public sphere,HOW,Inclusion,1
WHO,Content moderators / BPO workforces,HOW,Inclusion,1
WHO,Courts and prosecutors,WHY,Other,1
WHAT,Infrastructural,WHY,Other,1
GROUP,Moderation as the enforcement of community norms and identity,WHY,Compliance,1
WHO,"Public-private partnerships (""free-speech triangle"")",HOW,Correcting,1
GROUP,Moderation as the cultivation of a democratic public sphere,WHAT,Constitutive,1
WHO,Pre-platform moderators,HOW,Marginalisation,1
WHO,Pre-platform moderators,WHAT,Constitutive,1
WHO,Platform oversight bodies,HOW,Intermediate,1
WHO,"Public-private partnerships (""free-speech triangle"")",HOW,Intermediate,1
GROUP,Censorship,HOW,Agenda setting,1
WHO,Platforms,HOW,Agenda setting,1
WHO,Algorithmic systems,HOW,Agenda setting,1
HOW,Agenda setting,WHAT,Regulative,1
HOW,Agenda setting,WHAT,Platform governance,1
HOW,Agenda setting,WHY,Economic pressure,1
HOW,Agenda setting,WHY,Political control,1
WHO,Cloud / infrastructure providers,HOW,Marginalisation,1
WHO,Cloud / infrastructure providers,HOW,Labeling,1
GROUP,Other,HOW,Deplatforming,1
HOW,Self-censorship,WHY,Protection of children,1
WHO,Courts and prosecutors,HOW,Coersive,1
WHO,App stores,HOW,Review,1
WHO,Journalists,WHAT,Platform governance,1
WHO,Pre-platform moderators,HOW,Agenda setting,1
WHAT,Other,WHY,Economic pressure,1
GROUP,Moderating extremism,WHO,Regulators,1
GROUP,Moderating extremism,HOW,Algorithmic systems,1
HOW,Algorithmic systems,WHAT,Regulative,1
GROUP,Platform governance,WHO,Mediators,1
WHO,Mediators,WHY,Conflict transformation,1
HOW,Labeling,WHY,Ideological consolidation,1
WHO,Cloud / infrastructure providers,HOW,Rating,1
GROUP,Platform governance,WHO,Religious authories and groups,1
WHO,Religious authories and groups,WHAT,Platform governance,1
GROUP,Platform regulation,WHO,Media owners,1
WHO,Media owners,WHY,Compliance,1
GROUP,Moderation as brand safety and the commercial viability of the platform,WHO,Platforms,1
GROUP,Moderation as brand safety and the commercial viability of the platform,WHO,Algorithmic systems,1
GROUP,Moderation as brand safety and the commercial viability of the platform,HOW,Filtering,1
GROUP,Moderation as brand safety and the commercial viability of the platform,HOW,Removal,1
GROUP,Moderation as brand safety and the commercial viability of the platform,WHAT,Platform governance,1
GROUP,Moderation as brand safety and the commercial viability of the platform,WHY,Other,1
GROUP,Moderation as brand safety and the commercial viability of the platform,WHY,Coherence,1
GROUP,Platform regulation,HOW,Removal from circulation,1
WHO,Content moderators / BPO workforces,HOW,Bridging,1
GROUP,Moderation as the enforcement of community norms and identity,WHO,App stores,1
WHO,App stores,HOW,Blocking,1
WHO,App stores,WHY,Social cohesion,1
HOW,Blocking,WHAT,Infrastructural,1
WHO,"Legislatures (memory laws, foreign-agent statutes)",WHY,Social cohesion,1
GROUP,Other,WHO,Government agencies,1
GROUP,Other,WHY,State security,1
GROUP,Moderating extremism,WHY,Protection of children,1
GROUP,Censorship,WHO,Public-private partnerships,1
WHO,Public-private partnerships,HOW,Profiling,1
WHO,Public-private partnerships,HOW,Marginalisation,1
WHO,Public-private partnerships,WHAT,Infrastructural,1
WHO,Public-private partnerships,WHY,Compliance,1
WHO,Public-private partnerships,WHY,Economic pressure,1
WHO,Civil society,HOW,Intermediate,1
WHO,Civil society,WHY,Obscenity and decency,1
HOW,Intermediate,WHY,Compliance,1
HOW,Intermediate,WHY,Obscenity and decency,1
HOW,Monitoring,WHY,Obscenity and decency,1
WHO,Government agencies,HOW,Economic,1
WHO,Editors,WHAT,Regulative,1
WHO,Editors,WHY,Harm principles and hate speech regulation,1
GROUP,Other,WHY,Obscenity and decency,1
GROUP,Platform regulation,HOW,Friction,1
WHO,Fact-checkers and verification units,HOW,Friction,1
WHO,Platforms,HOW,Friction,1
HOW,Friction,WHAT,Communicative / discourse-ethics / debate management,1
HOW,Friction,WHAT,Platform governance,1
HOW,Friction,WHY,Misinformation or disinformation as harm,1
HOW,Friction,WHY,Democratic enhancement,1
WHO,Cloud / infrastructure providers,HOW,Monitoring,1
GROUP,Platform regulation,HOW,Fairness,1
WHO,Platforms,HOW,Fairness,1
WHO,"Legislatures (memory laws, foreign-agent statutes)",HOW,Fairness,1
HOW,Fairness,WHAT,Regulative,1
HOW,Fairness,WHAT,Platform governance,1
HOW,Fairness,WHY,Democratic enhancement,1
WHO,Courts and prosecutors,HOW,Inclusion,1
HOW,Inclusion,WHY,Harm principles and hate speech regulation,1
HOW,Coersive,WHY,Compliance,1
WHO,Editors,WHY,Economic pressure,1
WHAT,Infrastructural,WHY,Clear and present danger,1
GROUP,Moderating extremism,WHAT,Constitutive,1
HOW,Deplatforming,WHAT,Constitutive,1
WHO,App stores,HOW,Inclusion,1
HOW,Inclusion,WHAT,Platform governance,1
HOW,Inclusion,WHAT,Infrastructural,1
HOW,Inclusion,WHY,Brand safety,1
GROUP,Moderation as the cultivation of a democratic public sphere,WHY,Conflict transformation,1
WHO,Algorithmic systems,WHY,Conflict transformation,1
GROUP,Platform regulation,WHAT,Other,1
WHO,Private firms,HOW,Metamoderation,1
WHO,Private firms,HOW,Enframing,1
WHO,Private firms,WHAT,Other,1
WHO,Private firms,WHAT,Platform governance,1
WHO,Courts and prosecutors,WHAT,Other,1
WHO,Private firms,WHY,Democratic enhancement,1
WHO,Private firms,WHY,Harm principles and hate speech regulation,1
HOW,Metamoderation,WHAT,Other,1
HOW,Enframing,WHAT,Other,1
WHAT,Other,WHY,Democratic enhancement,1
WHO,Algorithmic systems,WHY,Clear and present danger,1
GROUP,Platform governance,WHO,Other,1
WHO,Mediators,WHY,Social cohesion,1
GROUP,Platform governance,HOW,Inclusion,1
WHO,Users,HOW,Inclusion,1
HOW,Inclusion,WHY,Social cohesion,1
GROUP,Moderation as the cultivation of a democratic public sphere,WHY,State security,1
HOW,Monitoring,WHY,Genocide prevention / dangerous speech,1
GROUP,Moderation as the cultivation of a democratic public sphere,WHO,App stores,1
WHO,App stores,HOW,Deplatforming,1
WHO,App stores,WHAT,Regulative,1
HOW,Blocking,WHY,Protection of children,1
WHO,App stores,HOW,Access restriction,1
WHO,App stores,HOW,Filtering,1
HOW,Algorithmic systems,WHY,Brand safety,1
WHO,"Legislatures (memory laws, foreign-agent statutes)",HOW,Blocking,1
WHO,"Legislatures (memory laws, foreign-agent statutes)",WHY,Political control,1
GROUP,Platform governance,WHAT,Other,1
WHO,"Public-private partnerships (""free-speech triangle"")",HOW,Marginalisation,1
WHO,"Public-private partnerships (""free-speech triangle"")",WHAT,Other,1
HOW,Marginalisation,WHAT,Other,1
HOW,Deplatforming,WHAT,Other,1
GROUP,Moderation as the cultivation of a democratic public sphere,WHY,Economic pressure,1
WHO,Platform oversight bodies,WHAT,Constitutive,1
HOW,Metamoderation,WHAT,Constitutive,1
HOW,Metamoderation,WHY,Obscenity and decency,1
GROUP,Moderation as the enforcement of community norms and identity,WHO,Civil society,1
WHO,Civil society,WHY,Coherence,1
GROUP,Automated content moderation,WHO,AI labs as moderators,1
WHO,AI labs as moderators,HOW,Review,1
WHO,AI labs as moderators,WHY,Brand safety,1
WHAT,Other,WHY,Compliance,1
WHO,"Legislatures (memory laws, foreign-agent statutes)",WHAT,Constitutive,1
GROUP,Automated content moderation,WHY,Democratic enhancement,1
HOW,Disclosure,WHAT,Communicative / discourse-ethics / debate management,1
HOW,Labeling,WHY,Clear and present danger,1
HOW,Removal,WHY,Clear and present danger,1
WHO,Pre-platform moderators,HOW,Deplatforming,1
WHO,Platform oversight bodies,WHY,Coherence,1
GROUP,Platform regulation,WHY,Ideological consolidation,1
GROUP,Automated content moderation,HOW,Removal,1
WHO,Content moderators / BPO workforces,HOW,Other,1
HOW,Other,WHY,Economic pressure,1
GROUP,Moderation as the cultivation of a democratic public sphere,WHO,Platform oversight bodies,1
WHO,Platform oversight bodies,HOW,Profiling,1
GROUP,Platform regulation,HOW,Profiling,1
WHO,Regulators,HOW,Profiling,1
GROUP,Automated content moderation,WHAT,Other,1
GROUP,Moderating extremism,HOW,Profiling,1
WHO,"Public-private partnerships (""free-speech triangle"")",HOW,Profiling,1
WHO,Censorship boards or agencies,HOW,Rating,1
WHO,Censorship boards or agencies,WHAT,Constitutive,1
WHO,Censorship boards or agencies,WHY,Obscenity and decency,1
WHO,Censorship boards or agencies,WHY,Social cohesion,1
WHO,Self-censorship,WHY,Political control,1
HOW,Redirection,WHAT,Constitutive,1
WHO,Journalists,WHY,Economic pressure,1
WHO,Self-censorship,HOW,Enframing,1
WHO,Self-censorship,WHY,Democratic enhancement,1
WHO,Regulators,HOW,Modification,1
HOW,Modification,WHY,Democratic enhancement,1
GROUP,Compliance,HOW,Enframing,1
GROUP,Compliance,WHY,Misinformation or disinformation as harm,1
GROUP,Moderation as the cultivation of a democratic public sphere,WHO,Payment processors / financial infrastructure,1
WHO,Payment processors / financial infrastructure,HOW,Access restriction,1
WHO,Payment processors / financial infrastructure,WHY,Ideological consolidation,1
HOW,Access restriction,WHY,Ideological consolidation,1
HOW,Economic,WHY,Ideological consolidation,1
WHAT,Infrastructural,WHY,Ideological consolidation,1
GROUP,Moderation as industrial labour,HOW,Coherence,1
GROUP,Moderation as industrial labour,WHY,Coherence,1
WHO,Broadcasting regulators,WHAT,Regulative,1
WHO,Platform oversight bodies,HOW,Blocking,1
WHO,Pre-platform moderators,HOW,Blocking,1
WHO,"Legislatures (memory laws, foreign-agent statutes)",HOW,Metamoderation,1
GROUP,Moderation as industrial labour,WHO,Journalists,1
